MEMORY
  total            15.5 MB
  struct          159.2 KB
  buffer          401.1 KB
  arena            15.0 MB, used 0.5%

SIZES
  narena                15728640
  nbuffer               410720
  nplugin               5
  maxuse_stack          24768
  maxuse_arena          76456
  maxuse_con            13
  maxuse_efc            46
  ncon                  2
  ne                    6
  nf                    0
  nl                    0
  nefc                  12
  nJ                    408
  nA                    0
  nisland               0
  nidof                 0
  threadpool            0

WARNING
    6:  lastinfo = 31   number = 1

TIMER
    0:  duration =  0.048      number = 1
    1:  duration =  0.046      number = 1
    2:  duration =  0          number = 0
    3:  duration =  0.029      number = 1
    4:  duration =  0.0023     number = 1
    5:  duration =  0.00065    number = 1
    6:  duration =  0.0091     number = 1
    7:  duration =  0.0021     number = 1
    8:  duration =  0.0041     number = 1
    9:  duration =  0.0019     number = 1
    10:  duration =  0.02       number = 1
    11:  duration =  0.0025     number = 1
    12:  duration =  2.2e-05    number = 1
    13:  duration =  0.0066     number = 1
    14:  duration =  0.0086     number = 1

SOLVER STAT
  solver_fwdinv =   0         0       
  ISLAND 0
    solver_niter = 1
    solver_nnz = 1156
      0:  improvement =  0           gradient =  3.6e-17     lineslope =  0       
          nactive = 12   nchange = 0   neval = 2   nupdate = 0

ENERGY =   0         0       

TIME =  28      

QPOS
   5.2e-19 
  -0.86    
   0.095   
   2.3     
   0.00029 
   7.3e-06 
  -0.69    
  -0.39    
   1       
   0.5     
   0.51    
  -0.49    
   0.49    
  -0.00043 
   0.37    
   0.59    
   0.5     
  -0.00043 
   0.37    
   0.59    
   0.5     
  -0.00043 
   0.37    
   0.59    
   0.5     
   0.67    
   0.29    
   0.5     
   0.4     
   0       
   0       
   0.31    
   1       
   0       
   0       
   0       

QVEL
   6.2e-17 
  -2.3e-14 
   3.2e-15 
   1.1e-13 
  -5e-17   
  -6.1e-19 
  -2.3e-14 
   6.9e-15 
  -1.2e-14 
  -3.6e-14 
   1.8e-14 
   1.7e-14 
  -1.8e-15 
  -9.8e-15 
  -1.2e-14 
   1.7e-15 
  -8.2e-16 
  -1e-14   
  -1.5e-14 
   1.4e-15 
   1.1e-16 
  -1e-14   
  -1.8e-14 
   8.5e-16 
  -2.2e-14 
  -2.9e-15 
   8.2e-15 
   1.8e-15 
   0       
   0       
   8.2e-15 
   0       
   0       
   0       

QACC_WARMSTART
   3.9e-14 
  -1e-14   
   6.4e-14 
   1.3e-12 
  -1.8e-13 
   1.8e-14 
  -5e-14   
   3.9e-13 
  -6.1e-14 
  -1.8e-12 
   2.4e-12 
  -2.3e-12 
  -1.4e-12 
  -2.2e-11 
   4.3e-11 
  -2.6e-11 
  -1.8e-12 
  -1.7e-11 
   3.8e-11 
  -2.6e-11 
  -2.4e-12 
  -1.2e-11 
   3.2e-11 
  -2.5e-11 
   1.1e-12 
  -7e-12   
  -1.4e-11 
   5e-11   
   0       
   0       
   9.3e-16 
   0       
   0       
   0       

CTRL
   0       
  -0.88    
   0.09    
   2.3     
   0       
   0       
   0       
   0.4     
   0.6     
   0.5     
   0       
   0.4     
   0.6     
   0.5     
   0       
   0.4     
   0.6     
   0.5     
   0.7     
   0.3     
   0.5     
   0.4     

QFRC_APPLIED
   0       
   0       
   0       
   0       
   0       
   0       
   0       
   0       
   0       
   0       
   0       
   0       
   0       
   0       
   0       
   0       
   0       
   0       
   0       
   0       
   0       
   0       
   0       
   0       
   0       
   0       
   0       
   0       
   0       
   0       
   0       
   0       
   0       
   0       

XFRC_APPLIED
   0         0         0         0         0         0       
   0         0         0         0         0         0       
   0         0         0         0         0         0       
   0         0         0         0         0         0       
   0         0         0         0         0         0       
   0         0         0         0         0         0       
   0         0         0         0         0         0       
   0         0         0         0         0         0       
   0         0         0         0         0         0       
   0         0         0         0         0         0       
   0         0         0         0         0         0       
   0         0         0         0         0         0       
   0         0         0         0         0         0       
   0         0         0         0         0         0       
   0         0         0         0         0         0       
   0         0         0         0         0         0       
   0         0         0         0         0         0       
   0         0         0         0         0         0       
   0         0         0         0         0         0       
   0         0         0         0         0         0       
   0         0         0         0         0         0       
   0         0         0         0         0         0       
   0         0         0         0         0         0       
   0         0         0         0         0         0       
   0         0         0         0         0         0       
   0         0         0         0         0         0       
   0         0         0         0         0         0       
   0         0         0         0         0         0       
   0         0         0         0         0         0       
   0         0         0         0         0         0       

EQ_ACTIVE             1

QACC
   3.9e-14 
  -1e-14   
   6.4e-14 
   1.3e-12 
  -1.8e-13 
   1.8e-14 
  -5e-14   
   3.9e-13 
  -6.1e-14 
  -1.8e-12 
   2.4e-12 
  -2.3e-12 
  -1.4e-12 
  -2.2e-11 
   4.3e-11 
  -2.6e-11 
  -1.8e-12 
  -1.7e-11 
   3.8e-11 
  -2.6e-11 
  -2.4e-12 
  -1.2e-11 
   3.2e-11 
  -2.5e-11 
   1.1e-12 
  -7e-12   
  -1.4e-11 
   5e-11   
   0       
   0       
   9.3e-16 
   0       
   0       
   0       

SENSOR
   0       
   0       
   0       
   0       
   0       
   0       
   0       
   0       
   0       
   0       
   0       
   0       
   0       
   0       
   0       
   0       
   0       
   0       
   0       
   0       
   0       
   0       
   0       
   0       
   0       
   0       
   0       
   0       
   0       
   0       
   0       
   0       
   0       
   0       
   0       
   0       
   0       
   0       
   0       
   0       
   0       
   0       
   0       
   0       
   0       
   0       
   0       
   0       
   0       
   0       
   0       
   0       
   0       
   0       
   0       
   0       
   0       
   0       
   0       
   0       
   0       
   0       
   0       
   0       
   0       
   0       
   0       
   0       
   0       
   0       
   0       
   0       
   0       
   0       
   0       
   0       
   0       
   0       
   0       
   0       
   0       
   0       
   0       
   0       
   0       
   0       
   0       
   0       
   0       
   0       
   0       
   0       
   0       
   0       
   0       
   0       
   0       
   0       
   0       
   0       
   0       
   0       
   0       
   0       
   0       
   0       
   0       
   0       
   0       
   0       
   0       
   0       
   0       
   0       
   0       
   0       
   0       
   0       
   0       
   0       
   0       
   0       
   0       
   0       
   0       
   0       
   0       
   0       
   0       
   0       
   0       
   0       
   0       
   0       
   0       
   0       
   0       
   0       
   0       
   0       
   0       
   0       
   0       
   0       
   0       
   0       
   0       
   0       
   0       
   0       
   0       
   0       
   0       
   0       
   0       
   0       
   0       
   0       
   0       
   0       
   0       
   0       
   0       
   0       
   0       
   0       
   0       
   0       
   0       
   0       
   0       
   0       
   0       
   0       
   0       
   0       
   0       
   0       
   0       
   0       
   0       
   0       
   0       
   0       
   0       
   0       
   0       
   0       
   0       
   0       
   0       
   0       
   0       
   0       
   0       
   0       
   0       
   0       
   0       
   0       
   0       
   0       
   0       
   0       
   0       
   0       
   0       
   0       
   0       
   0       
   0       
   0       
   0       
   0       
   0       
   0       
   0       
   0       
   0       
   0       
   0       
   0       
   0       
   0       
   0       
   0       
   0       
   0       
   0       
   0       
   0       
   0       
   0       
   0       
   0       
   0       
   0       
   0       
   0       
   0       
   0       
   0       
   0       
   0       
   0       
   0       
   0       
   0       
   0       
   0       
   0       
   0       
   0       
   0       
   0       
   0       
   0       
   0       
   0       
   0       
   0       
   0       
   0       
   0       
   0       
   0       
   0       
   0       
   0       
   0       
   0       
   0       
   0       
   0       
   0       
   0       
   0       
   0       
   0       
   0       
   0       
   0       
   0       
   0       
   0       
   0       
   0       
   0       
   0       
   0       
   0       
   0       
   0       
   0       
   0       
   0       
   0       
   0       
   0       
   0       
   0       
   0       
   0       
   0       
   0       
   0       
   0       
   0       
   0       
   0       
   0       
   0       
   0       
   0       
   0       
   0       
   0       
   0       
   0       
   0       
   0       
   0       
   0       
   0       
   0       
   0       
   0       
   0       
   0       
   0       
   0       
   0       
   0       
   0       
   0       
   0       
   0       
   0       
   0       
   0       
   0       
   0       
   0       
   0       
   0       
   0       
   0       
   0       
   0       
   0       
   0       
   0       
   0       
   0       
   0       
   0       
   0       
   0       
   0       
   0       
   0       
   0       
   0       
   0       
   0       
   0       
   0       
   0       
   0       
   0       
   0       
   0       
   0       
   0       
   0       
   0       
   0       
   0       
   0       
   0       
   0       
   0       
   0       
   0       
   0       
   0       
   0       
   0       
   0       
   0       
   0       
   0       
   0       
   0       
   0       
   0       
   0       
   0       
   0       
   0       
   0       
   0       
   0       
   0       
   0       
   0       
   0       
   0       
   0       
   0       
   0       
   0       
   0       
   0       
   0       
   0       
   0       
   0       
   0       
   0       
   0       
   0       
   0       
   0       
   0       
   0       
   0       
   0       
   0       
   0       
   0       
   0       
   0       
   0       
   0       
   0       
   0       
   0       
   0       
   0       
   0       
   0       
   0       
   0       
   0       
   0       
   0       
   0       
   0       
   0       
   0       
   0       
   0       
   0       
   0       
   0       
   0       
   0       
   0       
   0       
   0       
   0       
   0       
   0       
   0       
   0       
   0       
   0       
   0       
   0       
   0       
   0       
   0       
   0       
   0       
   0       
   0       
   0       
   0       
   0       
   0       
   0       
   0       
   0       
   0       
   0       
   0       
   0       
   0       
   0       
   0       
   0       
   0       
   0       
   0       
   0       
   0       
   0       
   0       
   0       
   0       
   0       
   0       
   0       
   0       
   0       
   0       
   0       
   0       
   0       
   0       
   0       
   0       
   0       
   0       
   0       
   0       
   0       
   0       
   0       
   0       
   0       
   0       
   0       
   0       
   0       
   0       
   0       
   0       
   0       
   0       
   0       
   0       
   0       
   0       
   0       
   0       
   0       
   0       
   0       
   0       
   0       
   0       
   0       
   0       
   0       
   0       
   0       
   0       
   0       
   0       
   0       
   0       
   0       
   0       
   0       
   0       
   0       
   0       
   0       
   0       
   0       
   0       
   0       
   0       
   0       
   0       
   0       
   0       
   0       
   0       
   0       
   0       
   0       
   0       
   0       
   0       
   0       
   0       
   0       
   0       
   0       
   0       
   0       
   0       
   0       
   0       
   0       
   0       
   0       
   0       
   0       
   0       
   0       
   0       
   0       
   0       
   0       
   0       
   0       
   0       
   0       
   0       
   0       
   0       
   0       
   0       
   0       
   0       
   0       
   0       
   0       
   0       
   0       
   0       
   0       
   0       
   0       
   0       
   0       
   0       
   0       
   0       
   0       
   0       
   0       
   0       
   0       
   0       
   0       
   0       
   0       
   0       
   0       
   0       
   0       
   0       
   0       
   0       
   0       
   0       
   0       
   0       
   0       
   0       
   0       
   0       
   0       
   0       
   0       
   0       
   0       
   0       
   0       
   0       
   0       
   0       
   0       
   0       
   0       
   0       
   0       
   0       
   0       
   0       
   0       
   0       
   0       
   0       
   0       
   0       
   0       
   0       
   0       
   0       
   0       
   0       
   0       
   0       
   0       
   0       
   0       
   0       
   0       
   0       
   0       
   0       
   0       
   0       
   0       
   0       
   0       
   0       
   0       
   0       
   0       
   0       
   0       
   0       
   0       
   0       
   0       
   0       
   0       
   0       
   0       
   0       
   0       
   0       
   0       
   0       
   0       
   0       
   0       
   0       
   0       
   0       
   0       
   0       
   0       
   0       
   0       
   0       
   0       
   0       
   0       
   0       
   0       
   0       
   0       
   0       
   0       
   0       
   0       
   0       
   0       
   0       
   0       
   0       
   0       
   0       
   0       
   0       
   0       
   0       
   0       
   0       
   0       
   0       
   0       
   0       
   0       
   0       
   0       
   0       
   0       
   0       
   0       
   0       
   0       
   0       
   0       
   0       
   0       
   0       
   0       
   0       
   0       
   0       
   0       
   0       
   0       
   0       
   0       
   0       
   0       
   0       
   0       
   0       
   0       
   0       
   0       
   0       
   0       
   0       
   0       
   0       
   0       
   0       
   0       
   0       
   0       
   0       
   0       
   0       
   0       
   0       
   0       
   0       
   0       
   0       
   0       
   0       
   0       
   0       
   0       
   0       
   0       
   0       
   0       
   0       
   0       
   0       
   0       
   0       
   0       
   0       
   0       
   0       
   0       
   0       
   0       
   0       
   0       
   0       
   0       
   0       
   0       
   0       
   0       
   0       
   0       
   0       
   0       
   0       
   0       
   0       
   0       
   0       
   0       
   0       
   0       
   0       
   0       
   0       
   0       
   0       
   0       
   0       
   0       
   0       
   0       
   0       
   0       
   0       
   0       
   0       
   0       
   0       
   0       
   0       
   0       
   0       
   0       
   0       
   0       
   0       
   0       
   0       
   0       
   0       
   0       
   0       
   0       
   0       
   0       
   0       
   0       
   0       
   0       
   0       
   0       
   0       
   0       
   0       
   0       
   0       
   0       
   0       
   0       
   0       
   0       
   0       
   0       
   0       
   0       
   0       
   0       
   0       
   0       
   0       
   0       
   0       
   0       
   0       
   0       
   0       
   0       
   0       
   0       
   0       
   0       
   0       
   0       
   0       
   0       
   0       
   0       
   0       
   0       
   0       
   0       
   0       
   0       
   0       
   0       
   0       
   0       
   0       
   0       
   0       
   0       
   0       
   0       
   0       
   0       
   0       
   0       
   0       
   0       
   0       
   0       
   0       
   0       
   0       
   0       
   0       
   0       
   0       
   0       
   0       
   0       
   0       
   0       
   0       
   0       
   0       
   0       
   0       
   0       
   0       
   0       
   0       
   0       
   0       
   0       
   0       
   0       
   0       
   0       
   0       
   0       
   0       
   0       
   0       
   0       
   0       
   0       
   0       
   0       
   0       
   0       
   0       
   0       
   0       
   0       
   0       
   0       
   0       
   0       
   0       
   0       
   0       
   0       
   0       
   0       
   0       
   0       
   0       
   0       
   0       
   0       
   0       
   0       
   0       
   0       
   0       
   0       
   0       
   0       
   0       
   0       
   0       
   0       
   0       
   0       
   0       
   0       
   0       
   0       
   0       
   0       
   0       
   0       
   0       
   0       
   0       
   0       
   0       
   0       
   0       
   0       
   0       
   0       
   0       
   0       
   0       
   0       
   0       
   0       
   0       
   0       
   0       
   0       
   0       
   0       
   0       
   0       
   0       
   0       
   0       
   0       
   0       
   0       
   0       
   0       
   0       
   0       
   0       
   0       
   0       
   0       
   0       
   0       
   0       
   0       
   0       
   0       
   0       
   0       
   0       
   0       
   0       
   0       
   0       
   0       
   0       
   0       
   0       
   0       
   0       
   0       
   0       
   0       
   0       
   0       
   0       
   0       
   0       
   0       
   0       
   0       
   0       
   0       
   0       
   0       
   0       
   0       
   0       
   0       
   0       
   0       
   0       
   0       
   0       
   0       
   0       
   0       
   0       
   0       
   0       
   0       
   0       
   0       
   0       
   0       
   0       
   0       
   0       
   0       
   0       
   0       
   0       
   0       
   0       
   0       
   0       
   0       
   0       
   0       
   0       
   0       
   0       
   0       
   0       
   0       
   0       
   0       
   0       
   0       
   0       
   0       
   0       
   0       
   0       
   0       
   0       
   0       
   0       
   0       
   0       
   0       
   0       
   0       
   0       
   0       
   0       
   0       
   0       
   0       
   0       
   0       
   0       
   0       
   0       
   0       
   0       
   0       
   0       
   0       
   0       
   0       
   0       
   0       
   0       
   0       
   0       
   0       
   0       
   0       
   0       
   0       
   0       
   0       
   0       
   0       
   0       
   0       
   0       
   0       
   0       
   0       
   0       
   0       
   0       
   0       
   0       
   0       
   0       
   0       
   0       
   0       
   0       
   0       
   0       
   0       
   0       
   0       
   0       
   0       
   0       
   0       
   0       
   0       
   0       
   0       
   0       
   0       
   0       
   0       
   0       
   0       
   0       
   0       
   0       
   0       
   0       
   0       
   0       
   0       
   0       
   0       
   0       
   0       
   0       
   0       
   0       
   0       
   0       
   0       
   0       
   0       
   0       
   0       
   0       
   0       
   0       
   0       
   0       
   0       
   0       
   0       
   0       
   0       
   0       
   0       
   0       
   0       
   0       
   0       
   0       
   0       
   0       
   0       
   0       
   0       
   0       
   0       
   0       
   0       
   0       
   0       
   0       
   0       
   0       
   0       
   0       
   0       
   0       
   0       
   0       
   0       
   0       
   0       
   0       
   0       
   0       
   0       
   0       
   0       
   0       
   0       
   0       
   0       
   0       
   0       
   0       
   0       
   0       
   0       
   0       
   0       
   0       
   0       
   0       
   0       
   0       
   0       
   0       
   0       
   0       
   0       
   0       
   0       
   0       
   0       
   0       
   0       
   0       
   0       
   0       
   0       
   0       
   0       
   0       
   0       
   0       
   0       
   0       
   0       
   0       
   0       
   0       
   0       
   0       
   0       
   0       
   0       
   0       
   0       
   0       
   0       
   0       
   0       
   0       
   0       
   0       
   0       
   0       
   0       
   0       
   0       
   0       
   0       
   0       
   0       
   0       
   0       
   0       
   0       
   0       
   0       
   0       
   0       
   0       
   0       
   0       
   0       
   0       
   0       
   0       
   0       
   0       
   0       
   0       
   0       
   0       
   0       
   0       
   0       
   0       
   0       
   0       
   0       
   0       
   0       
   0       
   0       
   0       
   0       
   0       
   0       
   0       
   0       
   0       
   0       
   0       
   0       
   0       
   0       
   0       
   0       
   0       
   0       
   0       
   0       
   0       
   0       
   0       
   0       
   0       
   0       
   0       
   0       
   0       
   0       
   0       
   0       
   0       
   0       
   0       
   0       
   0       
   0       
   0       
   0       
   0       
   0       
   0       
   0       
   0       
   0       
   0       
   0       
   0       
   0       
   0       
   0       
   0       
   0       
   0       
   0       
   0       
   0       
   0       
   0       
   0       
   0       
   0       
   0       
   0       
   0       
   0       
   0       
   0       
   0       
   0       
   0       
   0       
   0       
   0       
   0       
   0       
   0       
   0       
   0       
   0       
   0       
   0       
   0       
   0       
   0       
   0       
   0       
   0       
   0       
   0       
   0       
   0       
   0       
   0       
   0       
   0       
   0       
   0       
   0       
   0       
   0       
   0       
   0       
   0       
   0       
   0       
   0       
   0       
   0       
   0       
   0       
   0       
   0       
   0       
   0       
   0       
   0       
   0       
   0       
   0       
   0       
   0       
   0       
   0       
   0       
   0       
   0       
   0       
   0       
   0       
   0       
   0       
   0       
   0       
   0       
   0       
   0       
   0       
   0       
   0       
   0       
   0       
   0       
   0       
   0       
   0       
   0       
   0       
   0       
   0       
   0       
   0       
   0       
   0       
   0       
   0       
   0       
   0       
   0       
   0       
   0       
   0       
   0       
   0       
   0       
   0       
   0       
   0       
   0       
   0       
   0       
   0       
   0       
   0       
   0       
   0       
   0       
   0       
   0       
   0       
   0       
   0       
   0       
   0       
   0       
   0       
   0       
   0       
   0       
   0       
   0       
   0       
   0       
   0       
   0       
   0       
   0       
   0       
   0       
   0       
   0       
   0       
   0       
   0       
   0       
   0       
   0       
   0       
   0       
   0       
   0       
   0       
   0       
   0       
   0       
   0       
   0       
   0       
   0       
   0       
   0       
   0       
   0       
   0       
   0       
   0       
   0       
   0       
   0       
   0       
   0       
   0       
   0       
   0       
   0       
   0       
   0       
   0       
   0       
   0       
   0       
   0       
   0       
   0       
   0       
   0       
   0       
   0       
   0       
   0       
   0       
   0       
   0       
   0       
   0       
   0       
   0       
   0       
   0       
   0       
   0       
   0       
   0       
   0       
   0       
   0       
   0       
   0       
   0       
   0       
   0       
   0       
   0       
   0       
   0       
   0       
   0       
   0       
   0       
   0       
   0       
   0       
   0       
   0       
   0       
   0       
   0       
   0       
   0       
   0       
   0       
   0       
   0       
   0       
   0       
   0       
   0       
   0       
   0       
   0       
   0       
   0       
   0       
   0       
   0       
   0       
   0       
   0       
   0       
   0       
   0       
   0       
   0       
   0       
   0       
   0       
   0       
   0       
   0       
   0       
   0       
   0       
   0       
   0       
   0       
   0       
   0       
   0       
   0       
   0       
   0       
   0       
   0       
   0       
   0       
   0       
   0       
   0       
   0       
   0       
   0       
   0       
   0       
   0       
   0       
   0       
   0       
   0       
   0       
   0       
   0       
   0       
   0       
   0       
   0       
   0       
   0       
   0       
   0       
   0       
   0       
   0       
   0       
   0       
   0       
   0       
   0       
   0       
   0       
   0       
   0       
   0       
   0       
   0       
   0       
   0       
   0       
   0       
   0       
   0       
   0       
   0       
   0       
   0       
   0       
   0       
   0       
   0       
   0       
   0       
   0       
   0       
   0       
   0       
   0       
   0       
   0       
   0       
   0       
   0       
   0       
   0       
   0       
   0       
   0       
   0       
   0       
   0       
   0       
   0       
   0       
   0       
   0       
   0       
   0       
   0       
   0       
   0       
   0       
   0       
   0       
   0       
   0       
   0       
   0       
   0       
   0       
   0       
   0       
   0       
   0       
   0       
   0       
   0       
   0       
   0       
   0       
   0       
   0       
   0       
   0       
   0       
   0       
   0       
   0       
   0       
   0       
   0       
   0       
   0       
   0       
   0       
   0       
   0       
   0       
   0       
   0       
   0       
   0       
   0       
   0       
   0       
   0       
   0       
   0       
   0       
   0       
   0       
   0       
   0       
   0       
   0       
   0       
   0       
   0       
   0       
   0       
   0       
   0       
   0       
   0       
   0       
   0       
   0       
   0       
   0       
   0       
   0       
   0       
   0       
   0       
   0       
   0       
   0       
   0       
   0       
   0       
   0       
   0       
   0       
   0       
   0       
   0       
   0       
   0       
   0       
   0       
   0       
   0       
   0       
   0       
   0       
   0       
   0       
   0       
   0       
   0       
   0       
   0       
   0       
   0       
   0       
   0       
   0       
   0       
   0       
   0       
   0       
   0       
   0       
   0       
   0       
   0       
   0       
   0       
   0       
   0       
   0       
   0       
   0       
   0       
   0       
   0       
   0       
   0       
   0       
   0       
   0       
   0       
   0       
   0       
   0       
   0       
   0       
   0       
   0       
   0       
   0       
   0       
   0       
   0       
   0       
   0       
   0       
   0       
   0       
   0       
   0       
   0       
   0       
   0       
   0       
   0       
   0       
   0       
   0       
   0       
   0       
   0       
   0       
   0       
   0       
   0       
   0       
   0       
   0       
   0       
   0       
   0       
   0       
   0       
   0       
   0       
   0       
   0       
   0       
   0       
   0       
   0       
   0       
   0       
   0       
   0       
   0       
   0       
   0       
   0       
   0       
   0       
   0       
   0       
   0       
   0       
   0       
   0       
   0       
   0       
   0       
   0       
   0       
   0       
   0       
   0       
   0       
   0       
   0       
   0       
   0       
   0       
   0       
   0       
   0       
   0       
   0       
   0       
   0       
   0       
   0       
   0       
   0       
   0       
   0       
   0       
   0       
   0       
   0       
   0       
   0       
   0       
   0       
   0       
   0       
   0       
   0       
   0       
   0       
   0       
   0       
   0       
   0       
   0       
   0       
   0       
   0       
   0       
   0       
   0       
   0       
   0       
   0       
   0       
   0       
   0       
   0       
   0       
   0       
   0       
   0       
   0       
   0       
   0       
   0       
   0       
   0       
   0       
   0       
   0       
   0       
   0       
   0       
   0       
   0       
   0       
   0       
   0       
   0       
   0       
   0       
   0       
   0       
   0       
   0       
   0       
   0       
   0       
   0       
   0       
   0       
   0       
   0       
   0       
   0       
   0       
   0       
   0       
   0       
   0       
   0       
   0       
   0       
   0       
   0       
   0       
   0       
   0       
   0       
   0       
   0       
   0       
   0       
   0       
   0       
   0       
   0       
   0       
   0       
   0       
   0       
   0       
   0       
   0       
   0       
   0       
   0       
   0       
   0       
   0       
   0       
   0       
   0       
   0       
   0       
   0       
   0       
   0       
   0       
   0       
   0       
   0       
   0       
   0       
   0       
   0       
   0       
   0       
   0       
   0       
   0       
   0       
   0       
   0       
   0       
   0       
   0       
   0       
   0       
   0       
   0       
   0       
   0       
   0       
   0       
   0       
   0       
   0       
   0       
   0       
   0       
   0       
   0       
   0       
   0       
   0       
   0       
   0       
   0       
   0       
   0       
   0       
   0       
   0       
   0       
   0       
   0       
   0       
   0       
   0       
   0       
   0       
   0       
   0       
   0       
   0       
   0       
   0       
   0       
   0       
   0       
   0       
   0       
   0       
   0       
   0       
   0       
   0       
   0       
   0       
   0       
   0       
   0       
   0       
   0       
   0       
   0       
   0       
   0       
   0       
   0       
   0       
   0       
   0       
   0       
   0       
   0       
   0       
   0       
   0       
   0       
   0       
   0       
   0       
   0       
   0       
   0       
   0       
   0       
   0       
   0       
   0       
   0       
   0       
   0       
   0       
   0       
   0       
   0       
   0       
   0       
   0       
   0       
   0       
   0       
   0       
   0       
   0       
   0       
   0       
   0       
   0       
   0       
   0       
   0       
   0       
   0       
   0       
   0       
   0       
   0       
   0       
   0       
   0       
   0       
   0       
   0       
   0       
   0       
   0       
   0       
   0       
   0       
   0       
   0       
   0       
   0       
   0       
   0       
   0       
   0       
   0       
   0       
   0       
   0       
   0       
   0       
   0       
   0       
   0       
   0       
   0       
   0       
   0       
   0       
   0       
   0       
   0       
   0       
   0       
   0       
   0       
   0       
   0       
   0       
   0       
   0       
   0       
   0       
   0       
   0       
   0       
   0       
   0       
   0       
   0       
   0       
   0       
   0       
   0       
   0       
   0       
   0       
   0       
   0       
   0       
   0       
   0       
   0       
   0       
   0       
   0       
   0       
   0       
   0       
   0       
   0       
   0       
   0       
   0       
   0       
   0       
   0       
   0       
   0       
   0       
   0       
   0       
   0       
   0       
   0       
   0       
   0       
   0       
   0       
   0       
   0       
   0       
   0       
   0       
   0       
   0       
   0       
   0       
   0       
   0       
   0       
   0       
   0       
   0       
   0       
   0       
   0       
   0       
   0       
   0       
   0       
   0       
   0       
   0       
   0       
   0       
   0       
   0       
   0       
   0       
   0       
   0       
   0       
   0       
   0       
   0       
   0       
   0       
   0       
   0       
   0       
   0       
   0       
   0       
   0       
   0       
   0       
   0       
   0       
   0       
   0       
   0       
   0       
   0       
   0       
   0       
   0       
   0       
   0       
   0       
   0       
   0       
   0       
   0       
   0       
   0       
   0       
   0       
   0       
   0       
   0       
   0       
   0       
   0       
   0       
   0       
   0       
   0       
   0       
   0       
   0       
   0       
   0       
   0       
   0       
   0       
   0       
   0       
   0       
   0       
   0       
   0       
   0       
   0       
   0       
   0       
   0       
   0       
   0       
   0       
   0       
   0       
   0       
   0       
   0       
   0       
   0       
   0       
   0       
   0       
   0       
   0       
   0       
   0       
   0       
   0       
   0       
   0       
   0       
   0       
   0       
   0       
   0       
   0       
   0       
   0       
   0       
   0       
   0       
   0       
   0       
   0       
   0       
   0       
   0       
   0       
   0       
   0       
   0       
   0       
   0       
   0       
   0       
   0       
   0       
   0       
   0       
   0       
   0       
   0       
   0       
   0       
   0       
   0       
   0       
   0       
   0       
   0       
   0       
   0       
   0       
   0       
   0       
   0       
   0       
   0       
   0       
   0       
   0       
   0       
   0       
   0       
   0       
   0       
   0       
   0       
   0       
   0       
   0       
   0       
   0       
   0       
   0       
   0       
   0       
   0       
   0       
   0       
   0       
   0       
   0       
   0       
   0       
   0       
   0       
   0       
   0       
   0       
   0       
   0       
   0       
   0       
   0       
   0       
   0       
   0       
   0       
   0       
   0       
   0       
   0       
   0       
   0       
   0       
   0       
   0       
   0       
   0       
   0       
   0       
   0       
   0       
   0       
   0       
   0       
   0       
   0       
   0       
   0       
   0       
   0       
   0       
   0       
   0       
   0       
   0       
   0       
   0       
   0       
   0       
   0       
   0       
   0       
   0       
   0       
   0       
   0       
   0       
   0       
   0       
   0       
   0       
   0       
   0       
   0       
   0       
   0       
   0       
   0       
   0       
   0       
   0       
   0       
   0       
   0       
   0       
   0       
   0       
   0       
   0       
   0       
   0       
   0       
   0       
   0       
   0       
   0       
   0       
   0       
   0       
   0       
   0       
   0       
   0       
   0       
   0       
   0       
   0       
   0       
   0       
   0       
   0       
   0       
   0       
   0       
   0       
   0       
   0       
   0       
   0       
   0       
   0       
   0       
   0       
   0       
   0       
   0       
   0       
   0       
   0       
   0       
   0       
   0       
   0       
   0       
   0       
   0       
   0       
   0       
   0       
   0       
   0       
   0       
   0       
   0       
   0       
   0       
   0       
   0       
   0       
   0       
   0       
   0       
   0       
   0       
   0       
   0       
   0       
   0       
   0       
   0       
   0       
   0       
   0       
   0       
   0       
   0       
   0       
   0       
   0       
   0       
   0       
   0       
   0       
   0       
   0       
   0       
   0       
   0       
   0       
   0       
   0       
   0       
   0       
   0       
   0       
   0       
   0       
   0       
   0       
   0       
   0       
   0       
   0       
   0       
   0       
   0       
   0       
   0       
   0       
   0       
   0       
   0       
   0       
   0       
   0       
   0       
   0       
   0       
   0       
   0       
   0       
   0       
   0       
   0       
   0       
   0       
   0       
   0       
   0       
   0       
   0       
   0       
   0       
   0       
   0       
   0       
   0       
   0       
   0       
   0       
   0       
   0       
   0       
   0       
   0       
   0       
   0       
   0       
   0       
   0       
   0       
   0       
   0       
   0       
   0       
   0       
   0       
   0       
   0       
   0       
   0       
   0       
   0       
   0       
   0       
   0       
   0       
   0       
   0       
   0       
   0       
   0       
   0       
   0       
   0       
   0       
   0       
   0       
   0       
   0       
   0       
   0       
   0       
   0       
   0       
   0       
   0       
   0       
   0       
   0       
   0       
   0       
   0       
   0       
   0       
   0       
   0       
   0       
   0       
   0       
   0       
   0       
   0       
   0       
   0       
   0       
   0       
   0       
   0       
   0       
   0       
   0       
   0       
   0       
   0       
   0       
   0       
   0       
   0       
   0       
   0       
   0       
   0       
   0       
   0       
   0       
   0       
   0       
   0       
   0       
   0       
   0       
   0       
   0       
   0       
   0       
   0       
   0       
   0       
   0       
   0       
   0       
   0       
   0       
   0       
   0       
   0       
   0       
   0       
   0       
   0       
   0       
   0       
   0       
   0       
   0       
   0       
   0       
   0       
   0       
   0       
   0       
   0       
   0       
   0       
   0       
   0       
   0       
   0       
   0       
   0       
   0       
   0       
   0       
   0       
   0       
   0       
   0       
   0       
   0       
   0       
   0       
   0       
   0       
   0       
   0       
   0       
   0       
   0       
   0       
   0       
   0       
   0       
   0       
   0       
   0       
   0       
   0       
   0       
   0       
   0       
   0       
   0       
   0       
   0       
   0       
   0       
   0       
   0       
   0       
   0       
   0       
   0       
   0       
   0       
   0       
   0       
   0       
   0       
   0       
   0       
   0       
   0       
   0       
   0       
   0       
   0       
   0       
   0       
   0       
   0       
   0       
   0       
   0       
   0       
   0       
   0       
   0       
   0       
   0       
   0       
   0       
   0       
   0       
   0       
   0       
   0       
   0       
   0       
   0       
   0       
   0       
   0       
   0       
   0       
   0       
   0       
   0       
   0       
   0       
   0       
   0       
   0       
   0       
   0       
   0       
   0       
   0       
   0       
   0       
   0       
   0       
   0       
   0       
   0       
   0       
   0       
   0       
   0       
   0       
   0       
   0       
   0       
   0       
   0       
   0       
   0       
   0       
   0       
   0       
   0       
   0       
   0       
   0       
   0       
   0       
   0       
   0       
   0       
   0       
   0       
   0       
   0       
   0       
   0       
   0       
   0       
   0       
   0       
   0       
   0       
   0       
   0       
   0       
   0       
   0       
   0       
   0       
   0       
   0       
   0       
   0       
   0       
   0       
   0       
   0       
   0       
   0       
   0       
   0       
   0       
   0       
   0       
   0       
   0       
   0       
   0       
   0       
   0       
   0       
   0       
   0       
   0       
   0       
   0       
   0       
   0       
   0       
   0       
   0       
   0       
   0       
   0       
   0       
   0       
   0       
   0       
   0       
   0       
   0       
   0       
   0       
   0       
   0       
   0       
   0       
   0       
   0       
   0       
   0       
   0       
   0       
   0       
   0       
   0       
   0       
   0       
   0       
   0       
   0       
   0       
   0       
   0       
   0       
   0       
   0       
   0       
   0       
   0       
   0       
   0       
   0       
   0       
   0       
   0       
   0       
   0       
   0       
   0       
   0       
   0       
   0       
   0       
   0       
   0       
   0       
   0       
   0       
   0       
   0       
   0       
   0       
   0       
   0       
   0       
   0       
   0       
   0       
   0       
   0       
   0       
   0       
   0       
   0       
   0       
   0       
   0       
   0       
   0       
   0       
   0       
   0       
   0       
   0       
   0       
   0       
   0       
   0       
   0       
   0       
   0       
   0       
   0       
   0       
   0       
   0       
   0       
   0       
   0       
   0       
   0       
   0       
   0       
   0       
   0       
   0       
   0       
   0       
   0       
   0       
   0       
   0       
   0       
   0       
   0       
   0       
   0       
   0       
   0       
   0       
   0       
   0       
   0       
   0       
   0       
   0       
   0       
   0       
   0       
   0       
   0       
   0       
   0       
   0       
   0       
   0       
   0       
   0       
   0       
   0       
   0       
   0       
   0       
   0       
   0       
   0       
   0       
   0       
   0       
   0       
   0       
   0       
   0       
   0       
   0       
   0       
   0       
   0       
   0       
   0       
   0       
   0       
   0       
   0       
   0       
   0       
   0       
   0       
   0       
   0       
   0       
   0       
   0       
   0       
   0       
   0       
   0       
   0       
   0       
   0       
   0       
   0       
   0       
   0       
   0       
   0       
   0       
   0       
   0       
   0       
   0       
   0       
   0       
   0       
   0       
   0       
   0       
   0       
   0       
   0       
   0       
   0       
   0       
   0       
   0       
   0       
   0       
   0       
   0       
   0       
   0       
   0       
   0       
   0       
   0       
   0       
   0       
   0       
   0       
   0       
   0       
   0       
   0       
   0       
   0       
   0       
   0       
   0       
   0       
   0       
   0       
   0       
   0       
   0       
   0       
   0       
   0       
   0       
   0       
   0       
   0       
   0       
   0       
   0       
   0       
   0       
   0       
   0       
   0       
   0       
   0       
   0       
   0       
   0       
   0       
   0       
   0       
   0       
   0       
   0       
   0       
   0       
   0       
   0       
   0       
   0       
   0       
   0       
   0       
   0       
   0       
   0       
   0       
   0       
   0       
   0       
   0       
   0       
   0       
   0       
   0       
   0       
   0       
   0       
   0       
   0       
   0       
   0       
   0       
   0       
   0       
   0       
   0       
   0       
   0       
   0       
   0       
   0       
   0       
   0       
   0       
   0       
   0       
   0       
   0       
   0       
   0       
   0       
   0       
   0       
   0       
   0       
   0       
   0       
   0       
   0       
   0       
   0       
   0       
   0       
   0       
   0       
   0       
   0       
   0       
   0       
   0       
   0       
   0       
   0       
   0       
   0       
   0       
   0       
   0       
   0       
   0       
   0       
   0       
   0       
   0       
   0       
   0       
   0       
   0       
   0       
   0       
   0       
   0       
   0       
   0       
   0       
   0       
   0       
   0       
   0       
   0       
   0       
   0       
   0       
   0       
   0       
   0       
   0       
   0       
   0       
   0       
   0       
   0       
   0       
   0       
   0       
   0       
   0       
   0       
   0       
   0       
   0       
   0       
   0       
   0       
   0       
   0       
   0       
   0       
   0       
   0       
   0       
   0       
   0       
   0       
   0       
   0       
   0       
   0       
   0       
   0       
   0       
   0       
   0       
   0       
   0       
   0       
   0       
   0       
   0       
   0       
   0       
   0       
   0       
   0       
   0       
   0       
   0       
   0       
   0       
   0       
   0       
   0       
   0       
   0       
   0       
   0       
   0       
   0       
   0       
   0       
   0       
   0       
   0       
   0       
   0       
   0       
   0       
   0       
   0       
   0       
   0       
   0       
   0       
   0       
   0       
   0       
   0       
   0       
   0       
   0       
   0       
   0       
   0       
   0       
   0       
   0       
   0       
   0       
   0       
   0       
   0       
   0       
   0       
   0       
   0       
   0       
   0       
   0       
   0       
   0       
   0       
   0       
   0       
   0       
   0       
   0       
   0       
   0       
   0       
   0       
   0       
   0       
   0       
   0       
   0       
   0       
   0       
   0       
   0       
   0       
   0       
   0       
   0       
   0       
   0       
   0       
   0       
   0       
   0       
   0       
   0       
   0       
   0       
   0       
   0       
   0       
   0       
   0       
   0       
   0       
   0       
   0       
   0       
   0       
   0       
   0       
   0       
   0       
   0       
   0       
   0       
   0       
   0       
   0       
   0       
   0       
   0       
   0       
   0       
   0       
   0       
   0       
   0       
   0       
   0       
   0       
   0       
   0       
   0       
   0       
   0       
   0       
   0       
   0       
   0       
   0       
   0       
   0       
   0       
   0       
   0       
   0       
   0       
   0       
   0       
   0       
   0       
   0       
   0       
   0       
   0       
   0       
   0       
   0       
   0       
   0       
   0       
   0       
   0       
   0       
   0       
   0       
   0       
   0       
   0       
   0       
   0       
   0       
   0       
   0       
   0       
   0       
   0       
   0       
   0       
   0       
   0       
   0       
   0       
   0       
   0       
   0       
   0       
   0       
   0       
   0       
   0       
   0       
   0       
   0       
   0       
   0       
   0       
   0       
   0       
   0       
   0       
   0       
   0       
   0       
   0       
   0       
   0       
   0       
   0       
   0       
   0       
   0       
   0       
   0       
   0       
   0       
   0       
   0       
   0       
   0       
   0       
   0       
   0       
   0       
   0       
   0       
   0       
   0       
   0       
   0       
   0       
   0       
   0       
   0       
   0       
   0       
   0       
   0       
   0       
   0       
   0       
   0       
   0       
   0       
   0       
   0       
   0       
   0       
   0       
   0       
   0       
   0       
   0       
   0       
   0       
   0       
   0       
   0       
   0       
   0       
   0       
   0       
   0       
   0       
   0       
   0       
   0       
   0       
   0       
   0       
   0       
   0       
   0       
   0       
   0       
   0       
   0       
   0       
   0       
   0       
   0       
   0       
   0       
   0       
   0       
   0       
   0       
   0       
   0       
   0       
   0       
   0       
   0       
   0       
   0       
   0       
   0       
   0       
   0       
   0       
   0       
   0       
   0       
   0       
   0       
   0       
   0       
   0       
   0       
   0       
   0       
   0       
   0       
   0       
   0       
   0       
   0       
   0       
   0       
   0       
   0       
   0       
   0       
   0       
   0       
   0       
   0       
   0       
   0       
   0       
   0       
   0       
   0       
   0       
   0       
   0       
   0       
   0       
   0       
   0       
   0       
   0       
   0       
   0       
   0       
   0       
   0       
   0       
   0       
   0       
   0       
   0       
   0       
   0       
   0       
   0       
   0       
   0       
   0       
   0       
   0       
   0       
   0       
   0       
   0       
   0       
   0       
   0       
   0       
   0       
   0       
   0       
   0       
   0       
   0       
   0       
   0       
   0       
   0       
   0       
   0       
   0       
   0       
   0       
   0       
   0       
   0       
   0       
   0       
   0       
   0       
   0       
   0       
   0       
   0       
   0       
   0       
   0       
   0       
   0       
   0       
   0       
   0       
   0       
   0       
   0       
   0       
   0       
   0       
   0       
   0       
   0       
   0       
   0       
   0       
   0       
   0       
   0       
   0       
   0       
   0       
   0       
   0       
   0       
   0       
   0       
   0       
   0       
   0       
   0       
   0       
   0       
   0       
   0       
   0       
   0       
   0       
   0       
   0       
   0       
   0       
   0       
   0       
   0       
   0       
   0       
   0       
   0       
   0       
   0       
   0       
   0       
   0       
   0       
   0       
   0       
   0       
   0       
   0       
   0       
   0       
   0       
   0       
   0       
   0       
   0       
   0       
   0       
   0       
   0       
   0       
   0       
   0       
   0       
   0       
   0       
   0       
   0       
   0       
   0       
   0       
   0       
   0       
   0       
   0       
   0       
   0       
   0       
   0       
   0       
   0       
   0       
   0       
   0       
   0       
   0       
   0       
   0       
   0       
   0       
   0       
   0       
   0       
   0       
   0       
   0       
   0       
   0       
   0       
   0       
   0       
   0       
   0       
   0       
   0       
   0       
   0       
   0       
   0       
   0       
   0       
   0       
   0       
   0       
   0       
   0       
   0       
   0       
   0       
   0       
   0       
   0       
   0       
   0       
   0       
   0       
   0       
   0       
   0       
   0       
   0       
   0       
   0       
   0       
   0       
   0       
   0       
   0       
   0       
   0       
   0       
   0       
   0       
   0       
   0       
   0       
   0       
   0       
   0       
   0       
   0       
   0       
   0       
   0       
   0       
   0       
   0       
   0       
   0       
   0       
   0       
   0       
   0       
   0       
   0       
   0       
   0       
   0       
   0       
   0       
   0       
   0       
   0       
   0       
   0       
   0       
   0       
   0       
   0       
   0       
   0       
   0       
   0       
   0       
   0       
   0       
   0       
   0       
   0       
   0       
   0       
   0       
   0       
   0       
   0       
   0       
   0       
   0       
   0       
   0       
   0       
   0       
   0       
   0       
   0       
   0       
   0       
   0       
   0       
   0       
   0       
   0       
   0       
   0       
   0       
   0       
   0       
   0       
   0       
   0       
   0       
   0       
   0       
   0       
   0       
   0       
   0       
   0       
   0       
   0       
   0       
   0       
   0       
   0       
   0       
   0       
   0       
   0       
   0       
   0       
   0       
   0       
   0       
   0       
   0       
   0       
   0       
   0       
   0       
   0       
   0       
   0       
   0       
   0       
   0       
   0       
   0       
   0       
   0       
   0       
   0       
   0       
   0       
   0       
   0       
   0       
   0       
   0       
   0       
   0       
   0       
   0       
   0       
   0       
   0       
   0       
   0       
   0       
   0       
   0       
   0       
   0       
   0       
   0       
   0       
   0       
   0       
   0       
   0       
   0       
   0       
   0       
   0       
   0       
   0       
   0       
   0       
   0       
   0       
   0       
   0       
   0       
   0       
   0       
   0       
   0       
   0       
   0       
   0       
   0       
   0       
   0       
   0       
   0       
   0       
   0       
   0       
   0       
   0       
   0       
   0       
   0       
   0       
   0       
   0       
   0       
   0       
   0       
   0       
   0       
   0       
   0       
   0       
   0       
   0       
   0       
   0       
   0       
   0       
   0       
   0       
   0       
   0       
   0       
   0       
   0       
   0       
   0       
   0       
   0       
   0       
   0       
   0       
   0       
   0       
   0       
   0       
   0       
   0       
   0       
   0       
   0       
   0       
   0       
   0       
   0       
   0       
   0       
   0       
   0       
   0       
   0       
   0       
   0       
   0       
   0       
   0       
   0       
   0       
   0       
   0       
   0       
   0       
   0       
   0       
   0       
   0       
   0       
   0       
   0       
   0       
   0       
   0       
   0       
   0       
   0       
   0       
   0       
   0       
   0       
   0       
   0       
   0       
   0       
   0       
   0       
   0       
   0       
   0       
   0       
   0       
   0       
   0       
   0       
   0       
   0       
   0       
   0       
   0       
   0       
   0       
   0       
   0       
   0       
   0       
   0       
   0       
   0       
   0       
   0       
   0       
   0       
   0       
   0       
   0       
   0       
   0       
   0       
   0       
   0       
   0       
   0       
   0       
   0       
   0       
   0       
   0       
   0       
   0       
   0       
   0       
   0       
   0       
   0       
   0       
   0       
   0       
   0       
   0       
   0       
   0       
   0       
   0       
   0       
   0       
   0       
   0       
   0       
   0       
   0       
   0       
   0       
   0       
   0       
   0       
   0       
   0       
   0       
   0       
   0       
   0       
   0       
   0       
   0       
   0       
   0       
   0       
   0       
   0       
   0       
   0       
   0       
   0       
   0       
   0       
   0       
   0       
   0       
   0       
   0       
   0       
   0       
   0       
   0       
   0       
   0       
   0       
   0       
   0       
   0       
   0       
   0       
   0       
   0       
   0       
   0       
   0       
   0       
   0       
   0       
   0       
   0       
   0       
   0       
   0       
   0       
   0       
   0       
   0       
   0       
   0       
   0       
   0       
   0       
   0       
   0       
   0       
   0       
   0       
   0       
   0       
   0       
   0       
   0       
   0       
   0       
   0       
   0       
   0       
   0       
   0       
   0       
   0       
   0       
   0       
   0       
   0       
   0       
   0       
   0       
   0       
   0       
   0       
   0       
   0       
   0       
   0       
   0       
   0       
   0       
   0       
   0       
   0       
   0       
   0       
   0       
   0       
   0       
   0       
   0       
   0       
   0       
   0       
   0       
   0       
   0       
   0       
   0       
   0       
   0       
   0       
   0       
   0       
   0       
   0       
   0       
   0       
   0       
   0       
   0       
   0       
   0       
   0       
   0       
   0       
   0       
   0       
   0       
   0       
   0       
   0       
   0       
   0       
   0       
   0       
   0       
   0       
   0       
   0       
   0       
   0       
   0       
   0       
   0       
   0       
   0       
   0       
   0       
   0       
   0       
   0       
   0       
   0       
   0       
   0       
   0       
   0       
   0       
   0       
   0       
   0       
   0       
   0       
   0       
   0       
   0       
   0       
   0       
   0       
   0       
   0       
   0       
   0       
   0       
   0       
   0       
   0       
   0       
   0       
   0       
   0       
   0       
   0       
   0       
   0       
   0       
   0       
   0       
   0       
   0       
   0       
   0       
   0       
   0       
   0       
   0       
   0       
   0       
   0       
   0       
   0       
   0       
   0       
   0       
   0       
   0       
   0       
   0       
   0       
   0       
   0       
   0       
   0       
   0       
   0       
   0       
   0       
   0       
   0       
   0       
   0       
   0       
   0       
   0       
   0       
   0       
   0       
   0       
   0       
   0       
   0       
   0       
   0       
   0       
   0       
   0       
   0       
   0       
   0       
   0       
   0       
   0       
   0       
   0       
   0       
   0       
   0       
   0       
   0       
   0       
   0       
   0       
   0       
   0       
   0       
   0       
   0       
   0       
   0       
   0       
   0       
   0       
   0       
   0       
   0       
   0       
   0       
   0       
   0       
   0       
   0       
   0       
   0       
   0       
   0       
   0       
   0       
   0       
   0       
   0       
   0       
   0       
   0       
   0       
   0       
   0       
   0       
   0       
   0       
   0       
   0       
   0       
   0       
   0       
   0       
   0       
   0       
   0       
   0       
   0       
   0       
   0       
   0       
   0       
   0       
   0       
   0       
   0       
   0       
   0       
   0       
   0       
   0       
   0       
   0       
   0       
   0       
   0       
   0       
   0       
   0       
   0       
   0       
   0       
   0       
   0       
   0       
   0       
   0       
   0       
   0       
   0       
   0       
   0       
   0       
   0       
   0       
   0       
   0       
   0       
   0       
   0       
   0       
   0       
   0       
   0       
   0       
   0       
   0       
   0       
   0       
   0       
   0       
   0       
   0       
   0       
   0       
   0       
   0       
   0       
   0       
   0       
   0       
   0       
   0       
   0       
   0       
   0       
   0       
   0       
   0       
   0       
   0       
   0       
   0       
   0       
   0       
   0       
   0       
   0       
   0       
   0       
   0       
   0       
   0       
   0       
   0       
   0       
   0       
   0       
   0       
   0       
   0       
   0       
   0       
   0       
   0       
   0       
   0       
   0       
   0       
   0       
   0       
   0       
   0       
   0       
   0       
   0       
   0       
   0       
   0       
   0       
   0       
   0       
   0       
   0       
   0       
   0       
   0       
   0       
   0       
   0       
   0       
   0       
   0       
   0       
   0       
   0       
   0       
   0       
   0       
   0       
   0       
   0       
   0       
   0       
   0       
   0       
   0       
   0       
   0       
   0       
   0       
   0       
   0       
   0       
   0       
   0       
   0       
   0       
   0       
   0       
   0       
   0       
   0       
   0       
   0       
   0       
   0       
   0       
   0       
   0       
   0       
   0       
   0       
   0       
   0       
   0       
   0       
   0       
   0       
   0       
   0       
   0       
   0       
   0       
   0       
   0       
   0       
   0       
   0       
   0       
   0       
   0       
   0       
   0       
   0       
   0       
   0       
   0       
   0       
   0       
   0       
   0       
   0       
   0       
   0       
   0       
   0       
   0       
   0       
   0       
   0       
   0       
   0       
   0       
   0       
   0       
   0       
   0       
   0       
   0       
   0       
   0       
   0       
   0       
   0       
   0       
   0       
   0       
   0       
   0       
   0       
   0       
   0       
   0       
   0       
   0       
   0       
   0       
   0       
   0       
   0       
   0       
   0       
   0       
   0       
   0       
   0       
   0       
   0       
   0       
   0       
   0       
   0       
   0       
   0       
   0       
   0       
   0       
   0       
   0       
   0       
   0       
   0       
   0       
   0       
   0       
   0       
   0       
   0       
   0       
   0       
   0       
   0       
   0       
   0       
   0       
   0       
   0       
   0       
   0       
   0       
   0       
   0       
   0       
   0       
   0       
   0       
   0       
   0       
   0       
   0       
   0       
   0       
   0       
   0       
   0       
   0       
   0       
   0       
   0       
   0       
   0       
   0       
   0       
   0       
   0       
   0       
   0       
   0       
   0       
   0       
   0       
   0       
   0       
   0       
   0       
   0       
   0       
   0       
   0       
   0       
   0       
   0       
   0       
   0       
   0       
   0       
   0       
   0       
   0       
   0       
   0       
   0       
   0       
   0       
   0       
   0       
   0       
   0       
   0       
   0       
   0       
   0       
   0       
   0       
   0       
   0       
   0       
   0       
   0       
   0       
   0       
   0       
   0       
   0       
   0       
   0       
   0       
   0       
   0       
   0       
   0       
   0       
   0       
   0       
   0       
   0       
   0       
   0       
   0       
   0       
   0       
   0       
   0       
   0       
   0       
   0       
   0       
   0       
   0       
   0       
   0       
   0       
   0       
   0       
   0       
   0       
   0       
   0       
   0       
   0       
   0       
   0       
   0       
   0       
   0       
   0       
   0       
   0       
   0       
   0       
   0       
   0       
   0       
   0       
   0       
   0       
   0       
   0       
   0       
   0       
   0       
   0       
   0       
   0       
   0       
   0       
   0       
   0       
   0       
   0       
   0       
   0       
   0       
   0       
   0       
   0       
   0       
   0       
   0       
   0       
   0       
   0       
   0       
   0       
   0       
   0       
   0       
   0       
   0       
   0       
   0       
   0       
   0       
   0       
   0       
   0       
   0       
   0       
   0       
   0       
   0       
   0       
   0       
   0       
   0       
   0       
   0       
   0       
   0       
   0       
   0       
   0       
   0       
   0       
   0       
   0       
   0       
   0       
   0       
   0       
   0       
   0       
   0       
   0       
   0       
   0       
   0       
   0       
   0       
   0       
   0       
   0       
   0       
   0       
   0       
   0       
   0       
   0       
   0       
   0       
   0       
   0       
   0       
   0       
   0       
   0       
   0       
   0       
   0       
   0       
   0       
   0       
   0       
   0       
   0       
   0       
   0       
   0       
   0       
   0       
   0       
   0       
   0       
   0       
   0       
   0       
   0       
   0       
   0       
   0       
   0       
   0       
   0       
   0       
   0       
   0       
   0       
   0       
   0       
   0       
   0       
   0       
   0       
   0       
   0       
   0       
   0       
   0       
   0       
   0       
   0       
   0       
   0       
   0       
   0       
   0       
   0       
   0       
   0       
   0       
   0       
   0       
   0       
   0       
   0       
   0       
   0       
   0       
   0       
   0       
   0       
   0       
   0       
   0       
   0       
   0       
   0       
   0       
   0       
   0       
   0       
   0       
   0       
   0       
   0       
   0       
   0       
   0       
   0       
   0       
   0       
   0       
   0       
   0       
   0       
   0       
   0       
   0       
   0       
   0       
   0       
   0       
   0       
   0       
   0       
   0       
   0       
   0       
   0       
   0       
   0       
   0       
   0       
   0       
   0       
   0       
   0       
   0       
   0       
   0       
   0       
   0       
   0       
   0       
   0       
   0       
   0       
   0       
   0       
   0       
   0       
   0       
   0       
   0       
   0       
   0       
   0       
   0       
   0       
   0       
   0       
   0       
   0       
   0       
   0       
   0       
   0       
   0       
   0       
   0       
   0       
   0       
   0       
   0       
   0       
   0       
   0       
   0       
   0       
   0       
   0       
   0       
   0       
   0       
   0       
   0       
   0       
   0       
   0       
   0       
   0       
   0       
   0       
   0       
   0       
   0       
   0       
   0       
   0       
   0       
   0       
   0       
   0       
   0       
   0       
   0       
   0       
   0       
   0       
   0       
   0       
   0       
   0       
   0       
   0       
   0       
   0       
   0       
   0       
   0       
   0       
   0       
   0       
   0       
   0       
   0       
   0       
   0       
   0       
   0       
   0       
   0       
   0       
   0       
   0       
   0       
   0       
   0       
   0       
   0       
   0       
   0       
   0       
   0       
   0       
   0       
   0       
   0       
   0       
   0       
   0       
   0       
   0       
   0       
   0       
   0       
   0       
   0       
   0       
   0       
   0       
   0       
   0       
   0       
   0       
   0       
   0       
   0       
   0       
   0       
   0       
   0       
   0       
   0       
   0       
   0       
   0       
   0       
   0       
   0       
   0       
   0       
   0       
   0       
   0       
   0       
   0       
   0       
   0       
   0       
   0       
   0       
   0       
   0       
   0       
   0       
   0       
   0       
   0       
   0       
   0       
   0       
   0       
   0       
   0       
   0       
   0       
   0       
   0       
   0       
   0       
   0       
   0       
   0       
   0       
   0       
   0       
   0       
   0       
   0       
   0       
   0       
   0       
   0       
   0       
   0       
   0       
   0       
   0       
   0       
   0       
   0       
   0       
   0       
   0       
   0       
   0       
   0       
   0       
   0       
   0       
   0       
   0       
   0       
   0       
   0       
   0       
   0       
   0       
   0       
   0       
   0       
   0       
   0       
   0       
   0       
   0       
   0       
   0       
   0       
   0       
   0       
   0       
   0       
   0       
   0       
   0       
   0       
   0       
   0       
   0       
   0       
   0       
   0       
   0       
   0       
   0       
   0       
   0       
   0       
   0       
   0       
   0       
   0       
   0       
   0       
   0       
   0       
   0       
   0       
   0       
   0       
   0       
   0       
   0       
   0       
   0       
   0       
   0       
   0       
   0       
   0       
   0       
   0       
   0       
   0       
   0       
   0       
   0       
   0       
   0       
   0       
   0       
   0       
   0       
   0       
   0       
   0       
   0       
   0       
   0       
   0       
   0       
   0       
   0       
   0       
   0       
   0       
   0       
   0       
   0       
   0       
   0       
   0       
   0       
   0       
   0       
   0       
   0       
   0       
   0       
   0       
   0       
   0       
   0       
   0       
   0       
   0       
   0       
   0       
   0       
   0       
   0       
   0       
   0       
   0       
   0       
   0       
   0       
   0       
   0       
   0       
   0       
   0       
   0       
   0       
   0       
   0       
   0       
   0       
   0       
   0       
   0       
   0       
   0       
   0       
   0       
   0       
   0       
   0       
   0       
   0       
   0       
   0       
   0       
   0       
   0       
   0       
   0       
   0       
   0       
   0       
   0       
   0       
   0       
   0       
   0       
   0       
   0       
   0       
   0       
   0       
   0       
   0       
   0       
   0       
   0       
   0       
   0       
   0       
   0       
   0       
   0       
   0       
   0       
   0       
   0       
   0       
   0       
   0       
   0       
   0       
   0       
   0       
   0       
   0       
   0       
   0       
   0       
   0       
   0       
   0       
   0       
   0       
   0       
   0       
   0       
   0       
   0       
   0       
   0       
   0       
   0       
   0       
   0       
   0       
   0       
   0       
   0       
   0       
   0       
   0       
   0       
   0       
   0       
   0       
   0       
   0       
   0       
   0       
   0       
   0       
   0       
   0       
   0       
   0       
   0       
   0       
   0       
   0       
   0       
   0       
   0       
   0       
   0       
   0       
   0       
   0       
   0       
   0       
   0       
   0       
   0       
   0       
   0       
   0       
   0       
   0       
   0       
   0       
   0       
   0       
   0       
   0       
   0       
   0       
   0       
   0       
   0       
   0       
   0       
   0       
   0       
   0       
   0       
   0       
   0       
   0       
   0       
   0       
   0       
   0       
   0       
   0       
   0       
   0       
   0       
   0       
   0       
   0       
   0       
   0       
   0       
   0       
   0       
   0       
   0       
   0       
   0       
   0       
   0       
   0       
   0       
   0       
   0       
   0       
   0       
   0       
   0       
   0       
   0       
   0       
   0       
   0       
   0       
   0       
   0       
   0       
   0       
   0       
   0       
   0       
   0       
   0       
   0       
   0       
   0       
   0       
   0       
   0       
   0       
   0       
   0       
   0       
   0       
   0       
   0       
   0       
   0       
   0       
   0       
   0       
   0       
   0       
   0       
   0       
   0       
   0       
   0       
   0       
   0       
   0       
   0       
   0       
   0       
   0       
   0       
   0       
   0       
   0       
   0       
   0       
   0       
   0       
   0       
   0       
   0       
   0       
   0       
   0       
   0       
   0       
   0       
   0       
   0       
   0       
   0       
   0       
   0       
   0       
   0       
   0       
   0       
   0       
   0       
   0       
   0       
   0       
   0       
   0       
   0       
   0       
   0       
   0       
   0       
   0       
   0       
   0       
   0       
   0       
   0       
   0       
   0       
   0       
   0       
   0       
   0       
   0       
   0       
   0       
   0       
   0       
   0       
   0       
   0       
   0       
   0       
   0       
   0       
   0       
   0       
   0       
   0       
   0       
   0       
   0       
   0       
   0       
   0       
   0       
   0       
   0       
   0       
   0       
   0       
   0       
   0       
   0       
   0       
   0       
   0       
   0       
   0       
   0       
   0       
   0       
   0       
   0       
   0       
   0       
   0       
   0       
   0       
   0       
   0       
   0       
   0       
   0       
   0       
   0       
   0       
   0       
   0       
   0       
   0       
   0       
   0       
   0       
   0       
   0       
   0       
   0       
   0       
   0       
   0       
   0       
   0       
   0       
   0       
   0       
   0       
   0       
   0       
   0       
   0       
   0       
   0       
   0       
   0       
   0       
   0       
   0       
   0       
   0       
   0       
   0       
   0       
   0       
   0       
   0       
   0       
   0       
   0       
   0       
   0       
   0       
   0       
   0       
   0       
   0       
   0       
   0       
   0       
   0       
   0       
   0       
   0       
   0       
   0       
   0       
   0       
   0       
   0       
   0       
   0       
   0       
   0       
   0       
   0       
   0       
   0       
   0       
   0       
   0       
   0       
   0       
   0       
   0       
   0       
   0       
   0       
   0       
   0       
   0       
   0       
   0       
   0       
   0       
   0       
   0       
   0       
   0       
   0       
   0       
   0       
   0       
   0       
   0       
   0       
   0       
   0       
   0       
   0       
   0       
   0       
   0       
   0       
   0       
   0       
   0       
   0       
   0       
   0       
   0       
   0       
   0       
   0       
   0       
   0       
   0       
   0       
   0       
   0       
   0       
   0       
   0       
   0       
   0       
   0       
   0       
   0       
   0       
   0       
   0       
   0       
   0       
   0       
   0       
   0       
   0       
   0       
   0       
   0       
   0       
   0       
   0       
   0       
   0       
   0       
   0       
   0       
   0       
   0       
   0       
   0       
   0       
   0       
   0       
   0       
   0       
   0       
   0       
   0       
   0       
   0       
   0       
   0       
   0       
   0       
   0       
   0       
   0       
   0       
   0       
   0       
   0       
   0       
   0       
   0       
   0       
   0       
   0       
   0       
   0       
   0       
   0       
   0       
   0       
   0       
   0       
   0       
   0       
   0       
   0       
   0       
   0       
   0       
   0       
   0       
   0       
   0       
   0       
   0       
   0       
   0       
   0       
   0       
   0       
   0       
   0       
   0       
   0       
   0       
   0       
   0       
   0       
   0       
   0       
   0       
   0       
   0       
   0       
   0       
   0       
   0       
   0       
   0       
   0       
   0       
   0       
   0       
   0       
   0       
   0       
   0       
   0       
   0       
   0       
   0       
   0       
   0       
   0       
   0       
   0       
   0       
   0       
   0       
   0       
   0       
   0       
   0       
   0       
   0       
   0       
   0       
   0       
   0       
   0       
   0       
   0       
   0       
   0       
   0       
   0       
   0       
   0       
   0       
   0       
   0       
   0       
   0       
   0       
   0       
   0       
   0       
   0       
   0       
   0       
   0       
   0       
   0       
   0       
   0       
   0       
   0       
   0       
   0       
   0       
   0       
   0       
   0       
   0       
   0       
   0       
   0       
   0       
   0       
   0       
   0       
   0       
   0       
   0       
   0       
   0       
   0       
   0       
   0       
   0       
   0       
   0       
   0       
   0       
   0       
   0       
   0       
   0       
   0       
   0       
   0       
   0       
   0       
   0       
   0       
   0       
   0       
   0       
   0       
   0       
   0       
   0       
   0       
   0       
   0       
   0       
   0       
   0       
   0       
   0       
   0       
   0       
   0       
   0       
   0       
   0       
   0       
   0       
   0       
   0       
   0       
   0       
   0       
   0       
   0       
   0       
   0       
   0       
   0       
   0       
   0       
   0       
   0       
   0       
   0       
   0       
   0       
   0       
   0       
   0       
   0       
   0       
   0       
   0       
   0       
   0       
   0       
   0       
   0       
   0       
   0       
   0       
   0       
   0       
   0       
   0       
   0       
   0       
   0       
   0       
   0       
   0       
   0       
   0       
   0       
   0       
   0       
   0       
   0       
   0       
   0       
   0       
   0       
   0       
   0       
   0       
   0       
   0       
   0       
   0       
   0       
   0       
   0       
   0       
   0       
   0       
   0       
   0       
   0       
   0       
   0       
   0       
   0       
   0       
   0       
   0       
   0       
   0       
   0       
   0       
   0       
   0       
   0       
   0       
   0       
   0       
   0       
   0       
   0       
   0       
   0       
   0       
   0       
   0       
   0       
   0       
   0       
   0       
   0       
   0       
   0       
   0       
   0       
   0       
   0       
   0       
   0       
   0       
   0       
   0       
   0       
   0       
   0       
   0       
   0       
   0       
   0       
   0       
   0       
   0       
   0       
   0       
   0       
   0       
   0       
   0       
   0       
   0       
   0       
   0       
   0       
   0       
   0       
   0       
   0       
   0       
   0       
   0       
   0       
   0       
   0       
   0       
   0       
   0       
   0       
   0       
   0       
   0       
   0       
   0       
   0       
   0       
   0       
   0       
   0       
   0       
   0       
   0       
   0       
   0       
   0       
   0       
   0       
   0       
   0       
   0       
   0       
   0       
   0       
   0       
   0       
   0       
   0       
   0       
   0       
   0       
   0       
   0       
   0       
   0       
   0       
   0       
   0       
   0       
   0       
   0       
   0       
   0       
   0       
   0       
   0       
   0       
   0       
   0       
   0       
   0       
   0       
   0       
   0       
   0       
   0       
   0       
   0       
   0       
   0       
   0       
   0       
   0       
   0       
   0       
   0       
   0       
   0       
   0       
   0       
   0       
   0       
   0       
   0       
   0       
   0       
   0       
   0       
   0       
   0       
   0       
   0       
   0       
   0       
   0       
   0       
   0       
   0       
   0       
   0       
   0       
   0       
   0       
   0       
   0       
   0       
   0       
   0       
   0       
   0       
   0       
   0       
   0       
   0       
   0       
   0       
   0       
   0       
   0       
   0       
   0       
   0       
   0       
   0       
   0       
   0       
   0       
   0       
   0       
   0       
   0       
   0       
   0       
   0       
   0       
   0       
   0       
   0       
   0       
   0       
   0       
   0       
   0       
   0       
   0       
   0       
   0       
   0       
   0       
   0       
   0       
   0       
   0       
   0       
   0       
   0       
   0       
   0       
   0       
   0       
   0       
   0       
   0       
   0       
   0       
   0       
   0       
   0       
   0       
   0       
   0       
   0       
   0       
   0       
   0       
   0       
   0       
   0       
   0       
   0       
   0       
   0       
   0       
   0       
   0       
   0       
   0       
   0       
   0       
   0       
   0       
   0       
   0       
   0       
   0       
   0       
   0       
   0       
   0       
   0       
   0       
   0       
   0       
   0       
   0       
   0       
   0       
   0       
   0       
   0       
   0       
   0       
   0       
   0       
   0       
   0       
   0       
   0       
   0       
   0       
   0       
   0       
   0       
   0       
   0       
   0       
   0       
   0       
   0       
   0       
   0       
   0       
   0       
   0       
   0       
   0       
   0       
   0       
   0       
   0       
   0       
   0       
   0       
   0       
   0       
   0       
   0       
   0       
   0       
   0       
   0       
   0       
   0       
   0       
   0       
   0       
   0       
   0       
   0       
   0       
   0       
   0       
   0       
   0       
   0       
   0       
   0       
   0       
   0       
   0       
   0       
   0       
   0       
   0       
   0       
   0       
   0       
   0       
   0       
   0       
   0       
   0       
   0       
   0       
   0       
   0       
   0       
   0       
   0       
   0       
   0       
   0       
   0       
   0       
   0       
   0       
   0       
   0       
   0       
   0       
   0       
   0       
   0       
   0       
   0       
   0       
   0       
   0       
   0       
   0       
   0       
   0       
   0       
   0       
   0       
   0       
   0       
   0       
   0       
   0       
   0       
   0       
   0       
   0       
   0       
   0       
   0       
   0       
   0       
   0       
   0       
   0       
   0       
   0       
   0       
   0       
   0       
   0       
   0       
   0       
   0       
   0       
   0       
   0       
   0       
   0       
   0       
   0       
   0       
   0       
   0       
   0       
   0       
   0       
   0       
   0       
   0       
   0       
   0       
   0       
   0       
   0       
   0       
   0       
   0       
   0       
   0       
   0       
   0       
   0       
   0       
   0       
   0       
   0       
   0       
   0       
   0       
   0       
   0       
   0       
   0       
   0       
   0       
   0       
   0       
   0       
   0       
   0       
   0       
   0       
   0       
   0       
   0       
   0       
   0       
   0       
   0       
   0       
   0       
   0       
   0       
   0       
   0       
   0       
   0       
   0       
   0       
   0       
   0       
   0       
   0       
   0       
   0       
   0       
   0       
   0       
   0       
   0       
   0       
   0       
   0       
   0       
   0       
   0       
   0       
   0       
   0       
   0       
   0       
   0       
   0       
   0       
   0       
   0       
   0       
   0       
   0       
   0       
   0       
   0       
   0       
   0       
   0       
   0       
   0       
   0       
   0       
   0       
   0       
   0       
   0       
   0       
   0       
   0       
   0       
   0       
   0       
   0       
   0       
   0       
   0       
   0       
   0       
   0       
   0       
   0       
   0       
   0       
   0       
   0       
   0       
   0       
   0       
   0       
   0       
   0       
   0       
   0       
   0       
   0       
   0       
   0       
   0       
   0       
   0       
   0       
   0       
   0       
   0       
   0       
   0       
   0       
   0       
   0       
   0       
   0       
   0       
   0       
   0       
   0       
   0       
   0       
   0       
   0       
   0       
   0       
   0       
   0       
   0       
   0       
   0       
   0       
   0       
   0       
   0       
   0       
   0       
   0       
   0       
   0       
   0       
   0       
   0       
   0       
   0       
   0       
   0       
   0       
   0       
   0       
   0       
   0       
   0       
   0       
   0       
   0       
   0       
   0       
   0       
   0       
   0       
   0       
   0       
   0       
   0       
   0       
   0       
   0       
   0       
   0       
   0       
   0       
   0       
   0       
   0       
   0       
   0       
   0       
   0       
   0       
   0       
   0       
   0       
   0       
   0       
   0       
   0       
   0       
   0       
   0       
   0       
   0       
   0       
   0       
   0       
   0       
   0       
   0       
   0       
   0       
   0       
   0       
   0       
   0       
   0       
   0       
   0       
   0       
   0       
   0       
   0       
   0       
   0       
   0       
   0       
   0       
   0       
   0       
   0       
   0       
   0       
   0       
   0       
   0       
   0       
   0       
   0       
   0       
   0       
   0       
   0       
   0       
   0       
   0       
   0       
   0       
   0       
   0       
   0       
   0       
   0       
   0       
   0       
   0       
   0       
   0       
   0       
   0       
   0       
   0       
   0       
   0       
   0       
   0       
   0       
   0       
   0       
   0       
   0       
   0       
   0       
   0       
   0       
   0       
   0       
   0       
   0       
   0       
   0       
   0       
   0       
   0       
   0       
   0       
   0       
   0       
   0       
   0       
   0       
   0       
   0       
   0       
   0       
   0       
   0       
   0       
   0       
   0       
   0       
   0       
   0       
   0       
   0       
   0       
   0       
   0       
   0       
   0       
   0       
   0       
   0       
   0       
   0       
   0       
   0       
   0       
   0       
   0       
   0       
   0       
   0       
   0       
   0       
   0       
   0       
   0       
   0       
   0       
   0       
   0       
   0       
   0       
   0       
   0       
   0       
   0       
   0       
   0       
   0       
   0       
   0       
   0       
   0       
   0       
   0       
   0       
   0       
   0       
   0       
   0       
   0       
   0       
   0       
   0       
   0       
   0       
   0       
   0       
   0       
   0       
   0       
   0       
   0       
   0       
   0       
   0       
   0       
   0       
   0       
   0       
   0       
   0       
   0       
   0       
   0       
   0       
   0       
   0       
   0       
   0       
   0       
   0       
   0       
   0       
   0       
   0       
   0       
   0       
   0       
   0       
   0       
   0       
   0       
   0       
   0       
   0       
   0       
   0       
   0       
   0       
   0       
   0       
   0       
   0       
   0       
   0       
   0       
   0       
   0       
   0       

XPOS
   0         0         0       
   0         0         0       
   0         0         0.18    
   7e-20    -0.18      0.18    
  -0.4      -0.039     0.65    
  -0.81     -0.039     1       
  -0.81     -0.17      1       
  -0.69     -0.17      1       
  -0.69     -0.39      1       
  -0.73     -0.39      1       
  -0.73     -0.4       1       
  -0.74     -0.45      1.1     
  -0.74     -0.47      1.1     
  -0.74     -0.47      1.1     
  -0.69     -0.39      1       
  -0.69     -0.41      1       
  -0.69     -0.46      1.1     
  -0.69     -0.48      1.1     
  -0.69     -0.48      1.1     
  -0.65     -0.39      1       
  -0.64     -0.4       1       
  -0.64     -0.45      1.1     
  -0.64     -0.47      1.1     
  -0.64     -0.47      1.1     
  -0.71     -0.34      1       
  -0.73     -0.31      1.1     
  -0.75     -0.31      1.1     
  -0.78     -0.33      1.1     
  -0.78     -0.33      1.1     
   0         0         0.31    

XQUAT
   1         0         0         0       
   0         0         0        -1       
   2e-19     0         0        -1       
   1.9e-19   0.35      6.9e-20  -0.94    
   1.8e-19   0.39      7.8e-20  -0.92    
  -1.4e-19   0.71      1.4e-19   0.7     
  -0.0001    0.71     -0.0001    0.7     
  -0.0001    0.71     -0.0001    0.7     
   0.5       0.51     -0.49      0.49    
   0.53      0.48     -0.52      0.47    
   0.61      0.39     -0.41      0.55    
   0.71      0.21     -0.21      0.64    
   0.74      0.043    -0.031     0.67    
   0.74      0.043    -0.031     0.67    
   0.51      0.51     -0.49      0.49    
   0.59      0.41     -0.39      0.58    
   0.68      0.22     -0.2       0.67    
   0.71      0.045    -0.03      0.71    
   0.71      0.045    -0.03      0.71    
   0.48      0.53     -0.47      0.52    
   0.56      0.42     -0.38      0.6     
   0.65      0.23     -0.19      0.7     
   0.67      0.046    -0.029     0.74    
   0.67      0.046    -0.029     0.74    
   0.61      0.29     -0.32     -0.67    
   0.7       0.24     -0.35     -0.57    
   0.77      0.37     -0.17     -0.49    
   0.79      0.47     -0.012    -0.41    
   0.79      0.47     -0.012    -0.41    
   1         0         0         0       

XMAT
   1         0         0         0         1         0         0         0         1       
  -1         0         0         0        -1        -0        -0         0         1       
  -1         4e-19     0        -4e-19    -1        -0        -0         0         1       
  -0.76      4e-19    -0.65     -3e-19    -1        -2.6e-19  -0.65     -2.4e-35   0.76    
  -0.7       4e-19    -0.72     -2.8e-19  -1        -2.9e-19  -0.72     -2.4e-35   0.7     
   0.02      4e-19     1         8e-21    -1         4e-19     1        -7.2e-35  -0.02    
   0.02     -5.9e-06   1        -0.00029  -1         4.3e-19   1        -0.00029  -0.02    
   0.02     -5.9e-06   1        -0.00029  -1        -2.1e-09   1        -0.00029  -0.02    
   0.02     -1        -5.9e-06  -0.0002    1.8e-06  -1         1         0.02     -0.0002  
   0.021    -1        -0.087    -0.00024   0.087    -1         1         0.02      0.0015  
   0.051    -1        -0.074     0.36      0.087    -0.93      0.93      0.02      0.36    
   0.083    -1        -0.033     0.82      0.087    -0.57      0.57      0.02      0.82    
   0.089    -1         0.011     0.99      0.087    -0.11      0.1       0.02      0.99    
   0.089    -1         0.011     0.99      0.087    -0.11      0.1       0.02      0.99    
   0.021    -1        -5.9e-06  -0.0002    1.7e-06  -1         1         0.021    -0.0002  
   0.019    -1         0.0074    0.36      1.7e-06  -0.93      0.93      0.021     0.36    
   0.012    -1         0.017     0.82      1.7e-06  -0.57      0.57      0.021     0.82    
   0.0022   -1         0.02      0.99      1.7e-06  -0.11      0.11      0.021     0.99    
   0.0022   -1         0.02      0.99      1.7e-06  -0.11      0.11      0.021     0.99    
   0.021    -1         0.087    -0.00017  -0.087    -1         1         0.02     -0.002   
  -0.012    -1         0.089     0.36     -0.087    -0.93      0.93      0.02      0.36    
  -0.06     -1         0.066     0.82     -0.087    -0.57      0.57      0.02      0.82    
  -0.084    -1         0.03      0.99     -0.087    -0.11      0.11      0.02      0.99    
  -0.084    -1         0.03      0.99     -0.087    -0.11      0.11      0.02      0.99    
  -0.087     0.63     -0.77     -1        -0.054     0.068     0.0015    0.77      0.63    
   0.098     0.63     -0.77     -0.97      0.23      0.068     0.22      0.74      0.63    
   0.46      0.63     -0.63     -0.88      0.23     -0.41     -0.11      0.74      0.66    
   0.67      0.63     -0.4      -0.65      0.23     -0.72     -0.36      0.74      0.57    
   0.67      0.63     -0.4      -0.65      0.23     -0.72     -0.36      0.74      0.57    
   1         0         0         0         1         0         0         0         1       

XIPOS
   0         0         0       
   0         0         0       
   0         0         0.18    
  -0.2      -0.18      0.41    
  -0.6      -0.039     0.85    
  -0.81     -0.17      1       
  -0.69     -0.17      1       
  -0.69     -0.27      1       
  -0.69     -0.35      1       
  -0.73     -0.39      1       
  -0.74     -0.43      1.1     
  -0.74     -0.47      1.1     
  -0.74     -0.48      1.1     
  -0.74     -0.48      1.1     
  -0.69     -0.4       1       
  -0.69     -0.43      1.1     
  -0.69     -0.47      1.1     
  -0.69     -0.48      1.1     
  -0.69     -0.48      1.1     
  -0.64     -0.39      1       
  -0.64     -0.43      1.1     
  -0.64     -0.47      1.1     
  -0.64     -0.48      1.1     
  -0.64     -0.48      1.1     
  -0.71     -0.32      1       
  -0.74     -0.31      1.1     
  -0.76     -0.32      1.1     
  -0.78     -0.34      1.1     
  -0.8      -0.36      1.1     
   0         0         0.31    

XIMAT
   1         0         0         0         1         0         0         0         1       
  -1         0         0         0        -1        -0        -0         0         1       
  -1         4e-19     0        -4e-19    -1        -0        -0         0         1       
  -0.76      4e-19    -0.65     -3e-19    -1        -2.6e-19  -0.65     -2.4e-35   0.76    
  -0.7       4e-19    -0.72     -2.8e-19  -1        -2.9e-19  -0.72     -2.4e-35   0.7     
   1        -0.02      0         0         0         1        -0.02     -1         0       
   1        -0.02      5.9e-06   3.8e-17   0.00029   1        -0.02     -1         0.00029 
   5.9e-06  -0.02     -1         1         0.00029   2.1e-09   0.00029  -1         0.02    
   0.019     0.55      0.83      0.0098   -0.83      0.55      1        -0.0021   -0.021   
  -0.024    -0.084     1        -0.48     -0.87     -0.085     0.88     -0.48     -0.019   
   0.051    -1        -0.074     0.36      0.087    -0.93      0.93      0.02      0.36    
   0.084    -1        -0.031     0.83      0.087    -0.54      0.54      0.02      0.84    
   0.074     0.05      1         0.93      0.35     -0.087    -0.36      0.93     -0.02    
   0.089    -1         0.011     0.99      0.087    -0.11      0.1       0.02      0.99    
   0.018    -0.0075    1        -0.48     -0.88      0.0021    0.88     -0.48     -0.019   
   0.019    -1         0.0074    0.36      1.7e-06  -0.93      0.93      0.021     0.36    
   0.011    -1         0.017     0.84      0.00032  -0.55      0.55      0.02      0.84    
  -0.0073    0.019     1         0.93      0.36     -1.7e-06  -0.36      0.93     -0.021   
   0.0022   -1         0.02      0.99      1.7e-06  -0.11      0.11      0.021     0.99    
   0.06      0.069     1        -0.48     -0.87      0.089     0.88     -0.48     -0.019   
  -0.012    -1         0.089     0.36     -0.087    -0.93      0.93      0.02      0.36    
  -0.062    -1         0.064     0.83     -0.087    -0.54      0.55      0.02      0.84    
  -0.089    -0.012     1         0.93      0.35      0.087    -0.35      0.94     -0.02    
  -0.084    -1         0.03      0.99     -0.087    -0.11      0.11      0.02      0.99    
   0.49      0.086    -0.87     -0.031     1         0.081     0.87     -0.013     0.49    
  -0.29     -0.72     -0.63     -0.82      0.53     -0.24      0.5       0.45     -0.74    
   0.45      0.63     -0.64     -0.89      0.23     -0.39     -0.098     0.74      0.66    
   0.67      0.63     -0.4      -0.65      0.23     -0.72     -0.36      0.74      0.56    
   0.67      0.63     -0.4      -0.65      0.23     -0.72     -0.36      0.74      0.57    
   1         0         0         0         1         0         0         0         1       

XANCHOR
   0         0         0.18    
   7e-20    -0.18      0.18    
  -0.4      -0.039     0.65    
  -0.81     -0.039     1       
  -0.81     -0.17      1       
  -0.69     -0.17      1       
  -0.69     -0.39      1       
  -0.73     -0.39      1       
  -0.73     -0.4       1       
  -0.74     -0.45      1.1     
  -0.74     -0.47      1.1     
  -0.69     -0.39      1       
  -0.69     -0.41      1       
  -0.69     -0.46      1.1     
  -0.69     -0.48      1.1     
  -0.65     -0.39      1       
  -0.64     -0.4       1       
  -0.64     -0.45      1.1     
  -0.64     -0.47      1.1     
  -0.71     -0.34      1       
  -0.73     -0.31      1.1     
  -0.75     -0.31      1.1     
  -0.78     -0.33      1.1     
   0         0         0.31    

XAXIS
   0         0         1       
   4e-19    -1         0       
   4e-19    -1        -2.4e-35 
   4e-19    -1        -2.4e-35 
   1         4e-19    -0.02    
  -5.9e-06  -1        -0.00029 
   0         0         1       
  -0.087    -1         0.0015  
  -1         0.087     0.02    
  -1         0.087     0.02    
  -1         0.087     0.02    
  -5.9e-06  -1        -0.0002  
  -1         1.7e-06   0.021   
  -1         1.7e-06   0.021   
  -1         1.7e-06   0.021   
   0.087    -1        -0.002   
  -1        -0.087     0.02    
  -1        -0.087     0.02    
  -1        -0.087     0.02    
   0.087     1        -0.0015  
  -0.77      0.068     0.63    
   0.63      0.23      0.74    
   0.63      0.23      0.74    
   0         0         1       

GEOM_XPOS
   0         0         0       
   3.1e-06   5e-07     0.094   
   1.4e-07  -2.6e-06   0.031   
  -3.2e-05   0.011     0.25    
   1.7e-06  -0.089     0.18    
   9.3e-06  -0.0017    0.16    
   0         0         0.13    
  -0.27     -0.15      0.49    
  -0.16     -0.15      0.36    
  -0.18     -0.23      0.39    
  -0.2      -0.18      0.41    
   5e-20    -0.13      0.18    
  -0.19     -0.18      0.41    
  -0.81      0.0013    1       
  -0.68     -0.063     0.92    
  -0.58     -0.052     0.82    
  -0.6      -0.039     0.84    
  -0.4      -0.12      0.65    
  -0.61     -0.039     0.85    
  -0.75     -0.17      1       
  -0.85     -0.18      1       
  -0.79     -0.17      1       
  -0.81     -0.099     1       
  -0.69     -0.24      1       
  -0.68     -0.13      1       
  -0.69     -0.2       1       
  -0.76     -0.17      1       
  -0.69     -0.2       1       
  -0.69     -0.27      1       
  -0.69     -0.27      1       
  -0.69     -0.35      1       
  -0.69     -0.34      1       
  -0.73     -0.39      1       
  -0.73     -0.39      1       
  -0.74     -0.43      1.1     
  -0.74     -0.43      1.1     
  -0.74     -0.47      1.1     
  -0.74     -0.46      1.1     
  -0.74     -0.48      1.1     
  -0.74     -0.48      1.1     
  -0.74     -0.48      1.1     
  -0.74     -0.48      1.1     
  -0.69     -0.4       1       
  -0.69     -0.4       1       
  -0.69     -0.43      1.1     
  -0.69     -0.43      1.1     
  -0.69     -0.47      1.1     
  -0.69     -0.47      1.1     
  -0.69     -0.48      1.1     
  -0.69     -0.48      1.1     
  -0.69     -0.48      1.1     
  -0.69     -0.48      1.1     
  -0.64     -0.39      1       
  -0.64     -0.39      1       
  -0.64     -0.43      1.1     
  -0.64     -0.43      1.1     
  -0.64     -0.47      1.1     
  -0.64     -0.46      1.1     
  -0.64     -0.48      1.1     
  -0.64     -0.48      1.1     
  -0.64     -0.48      1.1     
  -0.64     -0.48      1.1     
  -0.71     -0.32      1       
  -0.71     -0.32      1       
  -0.74     -0.31      1.1     
  -0.74     -0.31      1.1     
  -0.76     -0.32      1.1     
  -0.76     -0.32      1.1     
  -0.78     -0.34      1.1     
  -0.79     -0.34      1.1     
  -0.8      -0.36      1.1     
  -0.79     -0.36      1.1     
   0         0         0.31    

GEOM_XMAT
   1         0         0         0         1         0         0         0         1       
   0         0.95      0.3       0        -0.3       0.95      1         0         0       
   2.5e-06   0.86     -0.52      4e-05     0.52      0.86      1        -2.3e-05  -3.3e-05 
  -0.00034   0.0079   -1         0.25      0.97      0.0076    0.97     -0.25     -0.0023  
   2.8e-06   0.86      0.51     -1        -5.6e-17   5.6e-06   4.8e-06  -0.51      0.86    
   0.00073   1         0.017    -0.81      0.011    -0.58     -0.58     -0.013     0.81    
  -1         4e-19     0        -4e-19    -1        -0        -0         0         1       
  -0.059     0.76     -0.64     -0.99      0.027     0.12      0.11      0.65      0.75    
   0.044     0.76     -0.65     -1         0.057    -0.0019    0.035     0.65      0.76    
  -0.012     0.76     -0.65     -1         0.011     0.031     0.031     0.65      0.76    
  -0.5       0.57     -0.65     -0.75     -0.66      0.00033  -0.43      0.49      0.76    
  -0.76     -0.65      0         0         0         1        -0.65      0.76      0       
  -0.76      4e-19    -0.65     -3e-19    -1        -2.6e-19  -0.65     -2.4e-35   0.76    
   0.21      0.71     -0.67     -0.95      0.0084   -0.3      -0.21      0.7       0.68    
  -0.7       0.075    -0.71      0.012    -0.99     -0.12     -0.72     -0.089     0.69    
   0.02      0.7      -0.72     -1         0.0061   -0.022    -0.011     0.72      0.7     
   0.26      0.65     -0.72     -0.93      0.37      0.0003    0.27      0.67      0.7     
  -0.7      -0.72      0         0         0         1        -0.72      0.7       0       
  -0.7       4e-19    -0.72     -2.8e-19  -1        -2.9e-19  -0.72     -2.4e-35   0.7     
   1        -0.02      6.3e-05  -6.3e-05   2.1e-17   1        -0.02     -1        -1.3e-06 
   0.95     -0.015    -0.3       0.3      -0.017     0.95     -0.019    -1        -0.012   
   0.78     -0.02     -0.62      0.62      0.00019   0.78     -0.015    -1         0.012   
   0.02      1         0         0         0         1         1        -0.02      0       
  -0.0002    0.64      0.77     -1         4.4e-05  -0.0003   -0.00022  -0.77      0.64    
  -0.3      -0.034     0.95     -0.95      0.0045   -0.3       0.0057   -1        -0.033   
  -0.71     -0.02      0.71     -0.71      0.00034  -0.71      0.014    -1        -0.015   
   0.02     -5.9e-06   1        -0.00029  -1         4.3e-19   1        -0.00029  -0.02    
   0.02      1         5.9e-06  -0.00029  -8.3e-17   1         1        -0.02      0.00029 
  -0.0026    0.028     1        -1         4.9e-05  -0.0026   -0.00012  -1         0.028   
   0.02      1         5.9e-06  -0.00029  -2.1e-09   1         1        -0.02      0.00029 
   0.019     0.55      0.83      0.0098   -0.83      0.55      1        -0.0021   -0.021   
   0.02     -1        -5.9e-06  -0.0002    1.8e-06  -1         1         0.02     -0.0002  
  -0.024    -0.084     1        -0.48     -0.87     -0.085     0.88     -0.48     -0.019   
   0.021    -1        -0.087    -0.00024   0.087    -1         1         0.02      0.0015  
   0.051    -1        -0.074     0.36      0.087    -0.93      0.93      0.02      0.36    
   0.051    -1        -0.074     0.36      0.087    -0.93      0.93      0.02      0.36    
   0.084    -1        -0.031     0.83      0.087    -0.54      0.54      0.02      0.84    
   0.083    -1        -0.033     0.82      0.087    -0.57      0.57      0.02      0.82    
   0.074     0.05      1         0.93      0.35     -0.087    -0.36      0.93     -0.02    
   0.089    -1         0.011     0.99      0.087    -0.11      0.1       0.02      0.99    
   0.089    -1         0.011     0.99      0.087    -0.11      0.1       0.02      0.99    
   0.089    -1         0.011     0.99      0.087    -0.11      0.1       0.02      0.99    
   0.018    -0.0075    1        -0.48     -0.88      0.0021    0.88     -0.48     -0.019   
   0.021    -1        -5.9e-06  -0.0002    1.7e-06  -1         1         0.021    -0.0002  
   0.019    -1         0.0074    0.36      1.7e-06  -0.93      0.93      0.021     0.36    
   0.019    -1         0.0074    0.36      1.7e-06  -0.93      0.93      0.021     0.36    
   0.011    -1         0.017     0.84      0.00032  -0.55      0.55      0.02      0.84    
   0.012    -1         0.017     0.82      1.7e-06  -0.57      0.57      0.021     0.82    
  -0.0073    0.019     1         0.93      0.36     -1.7e-06  -0.36      0.93     -0.021   
   0.0022   -1         0.02      0.99      1.7e-06  -0.11      0.11      0.021     0.99    
   0.0022   -1         0.02      0.99      1.7e-06  -0.11      0.11      0.021     0.99    
   0.0022   -1         0.02      0.99      1.7e-06  -0.11      0.11      0.021     0.99    
   0.06      0.069     1        -0.48     -0.87      0.089     0.88     -0.48     -0.019   
   0.021    -1         0.087    -0.00017  -0.087    -1         1         0.02     -0.002   
  -0.012    -1         0.089     0.36     -0.087    -0.93      0.93      0.02      0.36    
  -0.012    -1         0.089     0.36     -0.087    -0.93      0.93      0.02      0.36    
  -0.062    -1         0.064     0.83     -0.087    -0.54      0.55      0.02      0.84    
  -0.06     -1         0.066     0.82     -0.087    -0.57      0.57      0.02      0.82    
  -0.089    -0.012     1         0.93      0.35      0.087    -0.35      0.94     -0.02    
  -0.084    -1         0.03      0.99     -0.087    -0.11      0.11      0.02      0.99    
  -0.084    -1         0.03      0.99     -0.087    -0.11      0.11      0.02      0.99    
  -0.084    -1         0.03      0.99     -0.087    -0.11      0.11      0.02      0.99    
   0.49      0.086    -0.87     -0.031     1         0.081     0.87     -0.013     0.49    
  -0.087     0.63     -0.77     -1        -0.054     0.068     0.0015    0.77      0.63    
  -0.29     -0.72     -0.63     -0.82      0.53     -0.24      0.5       0.45     -0.74    
   0.098     0.63     -0.77     -0.97      0.23      0.068     0.22      0.74      0.63    
   0.45      0.63     -0.64     -0.89      0.23     -0.39     -0.098     0.74      0.66    
   0.46      0.63     -0.63     -0.88      0.23     -0.41     -0.11      0.74      0.66    
   0.67      0.63     -0.4      -0.65      0.23     -0.72     -0.36      0.74      0.56    
   0.67      0.63     -0.4      -0.65      0.23     -0.72     -0.36      0.74      0.57    
   0.67      0.63     -0.4      -0.65      0.23     -0.72     -0.36      0.74      0.57    
   0.67      0.63     -0.4      -0.65      0.23     -0.72     -0.36      0.74      0.57    
   1         0         0         0         1         0         0         0         1       

SITE_XPOS
   0         0         0       
  -0.69     -0.17      1       
  -0.69     -0.27      1       
  -0.69     -0.39      1       
  -0.69     -0.37      1.1     
  -0.74     -0.48      1.1     
  -0.69     -0.48      1.1     
  -0.64     -0.48      1.1     
  -0.8      -0.36      1.1     

SITE_XMAT
  -1         0         0         0        -1        -0        -0         0         1       
   0.02     -5.9e-06   1        -0.00029  -1        -2.1e-09   1        -0.00029  -0.02    
   0.02     -1        -5.9e-06  -0.00029   2.1e-09  -1         1         0.02     -0.00029 
   0.02     -1        -5.9e-06  -0.0002    1.8e-06  -1         1         0.02     -0.0002  
   5.9e-06  -1         0.02      1         1.8e-06  -0.0002    0.0002    0.02      1       
   0.089    -1         0.011     0.99      0.087    -0.11      0.1       0.02      0.99    
   0.0022   -1         0.02      0.99      1.7e-06  -0.11      0.11      0.021     0.99    
  -0.084    -1         0.03      0.99     -0.087    -0.11      0.11      0.02      0.99    
   0.67      0.63     -0.4      -0.65      0.23     -0.72     -0.36      0.74      0.57    

LIGHT_XPOS
   0        -1         2       
   0         0         1.5     

LIGHT_XDIR
  -0.48      0.57     -0.67    
   0         0        -1       

SUBTREE_COM
  -0.25     -0.1       0.45    
  -0.24     -0.097     0.44    
  -0.28     -0.11      0.5     
  -0.38     -0.15      0.62    
  -0.68     -0.11      0.95    
  -0.75     -0.18      1       
  -0.69     -0.18      1       
  -0.69     -0.27      1       
  -0.69     -0.38      1       
  -0.74     -0.45      1.1     
  -0.74     -0.45      1.1     
  -0.74     -0.47      1.1     
  -0.74     -0.48      1.1     
  -0.74     -0.48      1.1     
  -0.69     -0.45      1.1     
  -0.69     -0.45      1.1     
  -0.69     -0.47      1.1     
  -0.69     -0.48      1.1     
  -0.69     -0.48      1.1     
  -0.64     -0.45      1.1     
  -0.64     -0.45      1.1     
  -0.64     -0.47      1.1     
  -0.64     -0.48      1.1     
  -0.64     -0.48      1.1     
  -0.75     -0.33      1.1     
  -0.77     -0.33      1.1     
  -0.77     -0.33      1.1     
  -0.79     -0.35      1.1     
  -0.8      -0.36      1.1     
   0         0         0.31    

CDOF
   0         0         1         0.097    -0.24      0       
   4e-19    -1         0        -0.26     -1e-19    -0.24    
   4e-19    -1        -2.4e-35   0.21      8.3e-20   0.15    
   4e-19    -1        -2.4e-35   0.61      2.4e-19   0.56    
   1         4e-19    -0.02      0.0016    0.59      0.077   
  -5.9e-06  -1        -0.00029   0.6      -0.00013   0.44    
   0         0         0         1         0         0       
   0         0         0         0         1         0       
   0         0         0         0         0         1       
   0.02     -0.0002    1        -0.012    -0.0059    0.00025 
  -1         1.8e-06   0.02     -0.00025   0.0076   -0.012   
  -5.9e-06  -1        -0.0002   -0.0077    1.2e-06  -0.0057  
  -0.087    -1         0.0015   -0.0068    0.00066   0.037   
  -1         0.087     0.02      4e-05     0.0076   -0.03    
  -1         0.087     0.02     -0.0027   -0.012    -0.081   
  -1         0.087     0.02     -0.0059   -0.043    -0.1     
  -5.9e-06  -1        -0.0002   -0.0077    1.2e-06  -0.0057  
  -1         1.7e-06   0.021    -0.0006    0.0076   -0.029   
  -1         1.7e-06   0.021    -0.0016   -0.012    -0.08    
  -1         1.7e-06   0.021    -0.0021   -0.044    -0.1     
   0.087    -1        -0.002    -0.0085   -0.00065  -0.048   
  -1        -0.087     0.02     -0.0013    0.0076   -0.031   
  -1        -0.087     0.02     -0.00063  -0.012    -0.082   
  -1        -0.087     0.02      0.0017   -0.043    -0.1     
   0.087     1        -0.0015    0.025    -0.0022   -0.017   
  -0.77      0.068     0.63      0.04      0.022     0.046   
   0.63      0.23      0.74      0.044     0.048    -0.053   
   0.63      0.23      0.74      0.021     0.094    -0.047   
   0         0         0         1         0         0       
   0         0         0         0         1         0       
   0         0         0         0         0         1       
   1         0         0         0         0         0       
   0         1         0         0         0         0       
   0         0         1         0         0         0       

CINERT
   0         0         0         0         0         0         0         0         0         0       
   0.81      1         0.29     -0.094     0.43      0.17      0.98      0.39     -1.8       4       
   0.62      1         0.56     -0.18      0.49      0.19      1.9       0.75     -2         7.8     
   0.35      0.46      0.31      0.046     0.21     -0.025     0.58     -1        -0.31      13      
   0.71      1.3       0.58      0.08      0.62     -0.091    -1.4       0.22      1.6       3.9     
   0.74      1.3       0.64     -0.086     0.67      0.092    -1.1      -0.15      1.2       2       
   0.73      1.1       0.4      -0.067     0.53      0.091    -0.87     -0.15      1.2       2       
   0.079     0.11      0.046    -0.015     0.054     0.021    -0.09     -0.034     0.12      0.2     
   0.00064   0.00041   0.00075  -0.00012   6e-05     0.00017   0.0033    0.0098   -0.0059    0.35    
   3.4e-06   1.2e-05   1.4e-05  -5.3e-06  -2.1e-06  -1.1e-06  -0.00028  -0.00014  -5.5e-05   0.0072  
   8.6e-05   5e-05     0.00013  -5.9e-05   3.6e-06   7.5e-06  -0.0011   -0.0014    8.2e-05   0.027   
   0.00017   5.7e-05   0.00019  -7.3e-05   2.5e-05   5.3e-05  -0.00081  -0.0017    0.00058   0.018   
   9.6e-05   3.6e-05   9.1e-05  -3.3e-05   1.7e-05   3.9e-05  -0.00033  -0.00075   0.00039   0.0075  
   0.0001    4.7e-05   8.5e-05  -3.1e-05   2.1e-05   4.9e-05  -0.0003   -0.0007    0.00048   0.0068  
   4.2e-06   1.5e-06   4.3e-06   8.8e-07   3.6e-07  -1.3e-06   4.1e-05  -0.00015  -6.1e-05   0.0072  
   9.3e-05   4.6e-06   9.3e-05   9e-06    -3.5e-07   6.3e-06   0.00016  -0.0015    5.6e-05   0.027   
   0.00018   2.1e-05   0.00016   1.1e-05  -3.7e-06   5.3e-05   0.00012  -0.0017    0.00056   0.018   
   9.9e-05   2e-05     8.1e-05   5.4e-06  -2.6e-06   3.9e-05   5.2e-05  -0.00077   0.00038   0.0075  
   0.00011   3.3e-05   7.5e-05   5.2e-06  -3.4e-06   4.9e-05   5e-05    -0.00071   0.00047   0.0068  
   3.6e-06   1.9e-05   2.1e-05   6.8e-06   3.4e-06  -1.3e-06   0.00036  -0.00014  -6.8e-05   0.0072  
   8.5e-05   8.1e-05   0.00016   7.6e-05  -1.9e-06   4.8e-06   0.0014   -0.0014    3e-05     0.027   
   0.00017   7.9e-05   0.00021   9.5e-05  -3.1e-05   5e-05     0.0011   -0.0017    0.00054   0.018   
   9.4e-05   4.5e-05   0.0001    4.4e-05  -2.2e-05   3.7e-05   0.00044  -0.00075   0.00037   0.0075  
   0.0001    5.5e-05   9.5e-05   4.1e-05  -2.7e-05   4.7e-05   0.0004   -0.0007    0.00046   0.0068  
   0.00012   2.5e-05   0.00012   3.4e-05  -5.9e-06   2.3e-05  -0.00064   0.002    -0.00044   0.038   
   3.1e-05   1.6e-05   4.5e-05   2.1e-05   2.6e-06  -4.1e-06  -0.00033   0.00046   6.2e-05   0.0072  
   9.4e-05   0.00012   0.00017   8.2e-05   4.5e-05  -3.5e-05  -0.0015    0.0013    0.00065   0.022   
   7.3e-05   0.00019   0.00015   4.9e-05   8.3e-05  -3.1e-05  -0.0015    0.00055   0.00092   0.016   
   3.7e-05   0.00011   7.2e-05   9.6e-06   5e-05    -6.8e-06  -0.00069   9.4e-05   0.00049   0.0068  
   1.5e-05   9.6e-06   1.7e-05   0         0         0         0         0         0         0.028   

ACTUATOR_LENGTH
   4e-19   
  -0.86    
   0.095   
   2.3     
   0.00029 
   7.3e-06 
  -0.00043 
   0.37    
   0.59    
   0.5     
  -0.00043 
   0.37    
   0.59    
   0.5     
  -0.00043 
   0.37    
   0.59    
   0.5     
   0.67    
   0.29    
   0.5     
   0.4     

actuator_moment
------------------------------------
 x                                  |
  x                                 |
   x                                |
    x                               |
     x                              |
      x                             |
             x                      |
              x                     |
               x                    |
                x                   |
                 x                  |
                  x                 |
                   x                |
                    x               |
                     x              |
                      x             |
                       x            |
                        x           |
                         x          |
                          x         |
                           x        |
                            x       |
------------------------------------

ACTUATOR_MOMENT
     0:  1       
     1:  1       
     2:  1       
     3:  1       
     4:  1       
     5:  1       
    12:  1       
    13:  1       
    14:  1       
    15:  1       
    16:  1       
    17:  1       
    18:  1       
    19:  1       
    20:  1       
    21:  1       
    22:  1       
    23:  1       
    24:  1       
    25:  1       
    26:  1       
    27:  1       

CRB
   0         0         0         0         0         0         0         0         0         0       
   4         6.3       2.8      -0.32      3         0.45     -8.9e-16  -6.1e-16   3.8e-15   33      
   3.2       5.3       2.5      -0.23      2.6       0.28     -0.98     -0.39      1.8       29      
   2.6       4.3       2        -0.042     2.1       0.088    -2.9      -1.1       3.8       21      
   2.3       3.8       1.7      -0.088     1.9       0.11     -3.5      -0.11      4.1       8       
   1.5       2.6       1.1      -0.17      1.3       0.2      -2.1      -0.34      2.5       4.1     
   0.81      1.2       0.45     -0.083     0.58      0.11     -0.96     -0.19      1.3       2.2     
   0.079     0.11      0.046    -0.015     0.054     0.021    -0.09     -0.034     0.12      0.2     
   0.0024    0.0014    0.0028    0.00017   0.00021   0.00054   1.4e-16   5.4e-17  -1.3e-16   0.64    
   0.00046   0.0002    0.00051  -0.0002    6.5e-05   0.00015  -0.0028   -0.0047    0.0015    0.067   
   0.00046   0.00019   0.00049  -0.0002    6.7e-05   0.00015  -0.0026   -0.0045    0.0015    0.06    
   0.00037   0.00014   0.00036  -0.00014   6.4e-05   0.00014  -0.0014   -0.0031    0.0014    0.033   
   0.0002    8.3e-05   0.00018  -6.4e-05   3.8e-05   8.7e-05  -0.00064  -0.0014    0.00086   0.014   
   0.0001    4.7e-05   8.5e-05  -3.1e-05   2.1e-05   4.9e-05  -0.0003   -0.0007    0.00048   0.0068  
   0.00048   8.1e-05   0.00041   3.2e-05  -9.8e-06   0.00015   0.00043  -0.0048    0.0014    0.067   
   0.00048   7.9e-05   0.00041   3.1e-05  -1e-05     0.00015   0.00039  -0.0047    0.0015    0.06    
   0.00039   7.5e-05   0.00032   2.2e-05  -9.8e-06   0.00014   0.00022  -0.0032    0.0014    0.033   
   0.00021   5.3e-05   0.00016   1.1e-05  -6.1e-06   8.8e-05   0.0001   -0.0015    0.00085   0.014   
   0.00011   3.3e-05   7.5e-05   5.2e-06  -3.4e-06   4.9e-05   5e-05    -0.00071   0.00047   0.0068  
   0.00046   0.00028   0.00059   0.00026  -7.8e-05   0.00014   0.0037   -0.0047    0.0013    0.067   
   0.00045   0.00026   0.00057   0.00026  -8.2e-05   0.00014   0.0033   -0.0045    0.0014    0.06    
   0.00037   0.00018   0.00041   0.00018  -8e-05     0.00013   0.0019   -0.0031    0.0014    0.033   
   0.0002    0.0001    0.0002    8.5e-05  -4.9e-05   8.4e-05   0.00084  -0.0014    0.00084   0.014   
   0.0001    5.5e-05   9.5e-05   4.1e-05  -2.7e-05   4.7e-05   0.0004   -0.0007    0.00046   0.0068  
   0.00035   0.00046   0.00057   0.0002    0.00017  -5.4e-05  -0.0046    0.0044    0.0017    0.091   
   0.00024   0.00043   0.00045   0.00016   0.00018  -7.6e-05  -0.004     0.0024    0.0021    0.053   
   0.0002    0.00042   0.0004    0.00014   0.00018  -7.2e-05  -0.0037    0.0019    0.0021    0.046   
   0.00011   0.00029   0.00023   5.9e-05   0.00013  -3.7e-05  -0.0022    0.00065   0.0014    0.023   
   3.7e-05   0.00011   7.2e-05   9.6e-06   5e-05    -6.8e-06  -0.00069   9.4e-05   0.00049   0.0068  
   1.5e-05   9.6e-06   1.7e-05   0         0         0         0         0         0         0.028   

QM
   5.2     
  -1.3       10      
  -0.32      3.6       1.7     
   0.00096  -0.17     -0.067     0.14    
  -0.00022   0.013     0.0055   -0.0022    0.11    
  -6e-08     0.0002    0.0002    0.0002    1.7e-18   0.1     
                                                               0.64    
                                                               0         0.64    
                                                               0         0         0.64    
                                                              -0.0079   -0.0038    0.00016   0.003   
                                                              -0.00016   0.0049   -0.0079   -0.00023   0.0025  
                                                              -0.005     7.8e-07  -0.0037   -0.00049   0.0002    0.0015  
                                                              -0.0019    0.00017   4.3e-05  -0.00016   9.3e-06   0.0001    0.0001  
                                                               0.00023   0.0019    0.0029   -8.4e-05   0.00032  -0.00016   1.5e-07   0.00028 
                                                               0.0001    0.001     0.00058  -4.4e-05   0.00011  -3.5e-05   1.9e-08   0.0001    5.5e-05 
                                                               2e-05     0.00023   2.8e-05  -9.8e-06   2e-05    -2.9e-06   3.4e-11   1.9e-05   1.3e-05   5.6e-06 
                                                              -0.0019    2.4e-09   4.4e-05  -0.00016   2.9e-07   0.0001                                            0.0001  
                                                               6e-05     0.0019    0.0029    2.2e-07   0.00033   1.5e-07                                           1.5e-07   0.00028 
                                                               1.2e-05   0.001     0.00058   7.6e-08   0.00011   1.9e-08                                           1.9e-08   0.0001    5.5e-05 
                                                               5.7e-07   0.00023   2.8e-05   8.6e-09   2e-05     3.4e-11                                           3.4e-11   1.9e-05   1.3e-05   5.6e-06 
                                                              -0.0019   -0.00017   4.3e-05  -0.00016  -8.8e-06   0.0001                                                                                    0.0001  
                                                              -0.00011   0.0019    0.0029    8.4e-05   0.00032   0.00016                                                                                   1.5e-07   0.00028 
                                                              -7.7e-05   0.001     0.00058   4.4e-05   0.00011   3.5e-05                                                                                   1.9e-08   0.0001    5.5e-05 
                                                              -1.9e-05   0.00023   2.8e-05   9.9e-06   2e-05     2.9e-06                                                                                   3.4e-11   1.9e-05   1.3e-05   5.6e-06 
                                                               0.004    -0.00034   0.0035   -0.00018  -0.0002   -0.00049                                                                                                                           0.00049 
                                                               0.00075   0.00028   0.00088  -5.5e-05  -1.6e-05  -0.00013                                                                                                                           0.00013   5.1e-05 
                                                               0.0011   -0.0018   -0.00036   0.00013  -0.0001   -3.7e-05                                                                                                                           7.6e-05  -7.3e-09   0.00014 
                                                               0.00033  -0.00032  -0.00018   2.4e-05  -1.9e-05  -6.5e-06                                                                                                                           1.9e-05   2.5e-09   4.1e-05   1.7e-05 
                                                                                                                                                                                                                                                                                           0.028   
                                                                                                                                                                                                                                                                                           0         0.028   
                                                                                                                                                                                                                                                                                           0         0         0.028   
                                                                                                                                                                                                                                                                                           0         0         0         1.5e-05 
                                                                                                                                                                                                                                                                                           0         0         0         0         9.6e-06 
                                                                                                                                                                                                                                                                                           0         0         0         0         0         1.7e-05 

M
     0:  5.2     
     0: -1.3        1:  10      
     0: -0.32       1:  3.6        2:  1.7     
     0:  0.00096    1: -0.17       2: -0.067      3:  0.14    
     0: -0.00022    1:  0.013      2:  0.0055     3: -0.0022     4:  0.11    
     0: -6e-08      1:  0.0002     2:  0.0002     3:  0.0002     4:  1.7e-18    5:  0.1     
     6:  0.64    
     6:  0          7:  0.64    
     6:  0          7:  0          8:  0.64    
     6: -0.0079     7: -0.0038     8:  0.00016    9:  0.003   
     6: -0.00016    7:  0.0049     8: -0.0079     9: -0.00023   10:  0.0025  
     6: -0.005      7:  7.8e-07    8: -0.0037     9: -0.00049   10:  0.0002    11:  0.0015  
     6: -0.0019     7:  0.00017    8:  4.3e-05    9: -0.00016   10:  9.3e-06   11:  0.0001    12:  0.0001  
     6:  0.00023    7:  0.0019     8:  0.0029     9: -8.4e-05   10:  0.00032   11: -0.00016   12:  1.5e-07   13:  0.00028 
     6:  0.0001     7:  0.001      8:  0.00058    9: -4.4e-05   10:  0.00011   11: -3.5e-05   12:  1.9e-08   13:  0.0001    14:  5.5e-05 
     6:  2e-05      7:  0.00023    8:  2.8e-05    9: -9.8e-06   10:  2e-05     11: -2.9e-06   12:  3.4e-11   13:  1.9e-05   14:  1.3e-05   15:  5.6e-06 
     6: -0.0019     7:  2.4e-09    8:  4.4e-05    9: -0.00016   10:  2.9e-07   11:  0.0001    16:  0.0001  
     6:  6e-05      7:  0.0019     8:  0.0029     9:  2.2e-07   10:  0.00033   11:  1.5e-07   16:  1.5e-07   17:  0.00028 
     6:  1.2e-05    7:  0.001      8:  0.00058    9:  7.6e-08   10:  0.00011   11:  1.9e-08   16:  1.9e-08   17:  0.0001    18:  5.5e-05 
     6:  5.7e-07    7:  0.00023    8:  2.8e-05    9:  8.6e-09   10:  2e-05     11:  3.4e-11   16:  3.4e-11   17:  1.9e-05   18:  1.3e-05   19:  5.6e-06 
     6: -0.0019     7: -0.00017    8:  4.3e-05    9: -0.00016   10: -8.8e-06   11:  0.0001    20:  0.0001  
     6: -0.00011    7:  0.0019     8:  0.0029     9:  8.4e-05   10:  0.00032   11:  0.00016   20:  1.5e-07   21:  0.00028 
     6: -7.7e-05    7:  0.001      8:  0.00058    9:  4.4e-05   10:  0.00011   11:  3.5e-05   20:  1.9e-08   21:  0.0001    22:  5.5e-05 
     6: -1.9e-05    7:  0.00023    8:  2.8e-05    9:  9.9e-06   10:  2e-05     11:  2.9e-06   20:  3.4e-11   21:  1.9e-05   22:  1.3e-05   23:  5.6e-06 
     6:  0.004      7: -0.00034    8:  0.0035     9: -0.00018   10: -0.0002    11: -0.00049   24:  0.00049 
     6:  0.00075    7:  0.00028    8:  0.00088    9: -5.5e-05   10: -1.6e-05   11: -0.00013   24:  0.00013   25:  5.1e-05 
     6:  0.0011     7: -0.0018     8: -0.00036    9:  0.00013   10: -0.0001    11: -3.7e-05   24:  7.6e-05   25: -7.3e-09   26:  0.00014 
     6:  0.00033    7: -0.00032    8: -0.00018    9:  2.4e-05   10: -1.9e-05   11: -6.5e-06   24:  1.9e-05   25:  2.5e-09   26:  4.1e-05   27:  1.7e-05 
    28:  0.028   
    29:  0.028   
    30:  0.028   
    31:  1.5e-05 
    32:  9.6e-06 
    33:  1.7e-05 

QLD
     0:  5       
     0: -0.22       1:  2.7     
     0: -0.19       1:  2.1        2:  1.7     
     0:  0.0067     1: -1.2        2: -0.47       3:  0.14    
     0: -0.002      1:  0.12       2:  0.052      3: -0.021      4:  0.11    
     0: -5.9e-07    1:  0.002      2:  0.002      3:  0.002      4:  1.7e-17    5:  0.1     
     6:  0.36    
     6: -0.012      7:  0.52    
     6: -0.03       7: -0.38       8:  0.22    
     6: -7.7        7: -1.1        8: -0.35       9:  0.0016  
     6:  1.3        7: -2.4        8: -15         9: -0.18      10:  0.0012  
     6:  10         7:  0.35       8: -0.37       9: -0.62      10:  0.056     11:  0.00045 
     6: -18         7:  1.6        8:  0.39       9: -1.6       10:  0.088     11:  1         12:  0.0001  
     6:  0.4        7: -0.74       8:  23         9:  0.033     10:  1.3       11: -1.1       12:  0.0016    13:  6.8e-05 
     6:  2.2        7:  20         8:  22         9: -0.89      10:  2.8       11: -1.2       12:  0.00079   13:  2.5       14:  2.4e-05 
     6:  3.6        7:  40         8:  4.9        9: -1.7       10:  3.5       11: -0.52      12:  6e-06     13:  3.4       14:  2.4       15:  5.6e-06 
     6: -19         7: -0.0029     8:  0.39       9: -1.5       10:  0.00084   11:  1         16:  0.0001  
     6:  0.47       7: -0.74       8:  23         9:  0.00079   10:  1.4       11:  0.0016    16:  0.0016    17:  6.8e-05 
     6:  0.45       7:  20         8:  22         9:  0.0023    10:  2.9       11:  0.00079   16:  0.00079   17:  2.5       18:  2.4e-05 
     6:  0.1        7:  40         8:  5          9:  0.0015    10:  3.5       11:  6e-06     16:  6e-06     17:  3.4       18:  2.4       19:  5.6e-06 
     6: -18         7: -1.6        8:  0.39       9: -1.6       10: -0.086     11:  1         20:  0.0001  
     6:  0.53       7: -0.74       8:  23         9: -0.031     10:  1.3       11:  1.1       20:  0.0016    21:  6.8e-05 
     6: -1.3        7:  20         8:  22         9:  0.89      10:  2.8       11:  1.2       20:  0.00079   21:  2.5       22:  2.4e-05 
     6: -3.4        7:  40         8:  5          9:  1.7       10:  3.5       11:  0.52      20:  6e-06     21:  3.4       22:  2.4       23:  5.6e-06 
     6:  12         7:  0.24       8:  11         9: -0.9       10: -0.78      11: -0.98      24:  0.00014 
     6:  14         7:  5.4        8:  17         9: -1.1       10: -0.31      11: -2.6       24:  2.5       25:  5.1e-05 
     6:  6.8        7: -22         8:  1.3        9:  1.6       10: -1.2       11: -0.46      24:  0.69      25: -0.00028   26:  4.6e-05 
     6:  19         7: -19         8: -10         9:  1.4       10: -1.1       11: -0.38      24:  1.1       25:  0.00014   26:  2.3       27:  1.7e-05 
    28:  0.028   
    29:  0.028   
    30:  0.028   
    31:  1.5e-05 
    32:  9.6e-06 
    33:  1.7e-05 

QLDIAGINV
   0.2     
   0.37    
   0.6     
   7.1     
   9.3     
   10      
   2.8     
   1.9     
   4.6     
   6.2e+02 
   8.4e+02 
   2.2e+03 
   9.6e+03 
   1.5e+04 
   4.2e+04 
   1.8e+05 
   9.6e+03 
   1.5e+04 
   4.2e+04 
   1.8e+05 
   9.6e+03 
   1.5e+04 
   4.2e+04 
   1.8e+05 
   7.4e+03 
   1.9e+04 
   2.2e+04 
   5.8e+04 
   36      
   36      
   36      
   6.6e+04 
   1e+05   
   5.8e+04 

QH
     0:  6       
     0: -0.13       1:  6.6     
     0: -0.12       1:  1.3        2:  2.7     
     0:  0.00083    1: -0.15       2: -0.058      3:  1.1     
     0: -0.0002     1:  0.012      2:  0.005      3: -0.002      4:  1.1     
     0: -5.4e-08    1:  0.00019    2:  0.00019    3:  0.00019    4:  1.6e-18    5:  1.1     
     6:  0.54    
     6: -0.015      7:  0.6     
     6: -0.029      7: -0.076      8:  0.48    
     6: -4          7: -1.2        8: -0.21       9:  0.0025  
     6:  0.54       7:  0.059      8: -6.6        9: -0.11      10:  0.0019  
     6: -0.1        7: -0.089      8: -1.1        9: -0.46      10:  0.06      11:  0.0011  
     6: -6.3        7:  0.55       8:  0.14       9: -0.54      10:  0.03      11:  0.34      12:  0.0003  
     6:  0.43       7:  3.4        8:  6.1        9: -0.15      10:  0.63      11: -0.32      12:  0.00034   13:  0.00044 
     6:  0.39       7:  3.9        8:  2.3        9: -0.17      10:  0.44      11: -0.14      12:  7.3e-05   13:  0.41      14:  0.00025 
     6:  0.099      7:  1.1        8:  0.13       9: -0.048     10:  0.095     11: -0.014     12:  1.7e-07   13:  0.094     14:  0.065     15:  0.00021 
     6: -6.3        7: -0.0019     8:  0.14       9: -0.53      10:  0.00061   11:  0.34      16:  0.0003  
     6:  0.13       7:  3.4        8:  6.1        9:  0.00043   10:  0.65      11:  0.00034   16:  0.00034   17:  0.00044 
     6:  0.047      7:  4          8:  2.3        9:  0.00029   10:  0.45      11:  7.3e-05   16:  7.3e-05   17:  0.41      18:  0.00025 
     6:  0.0028     7:  1.1        8:  0.14       9:  4.2e-05   10:  0.096     11:  1.7e-07   16:  1.7e-07   17:  0.094     18:  0.065     19:  0.00021 
     6: -6.3        7: -0.55       8:  0.14       9: -0.54      10: -0.029     11:  0.34      20:  0.0003  
     6: -0.17       7:  3.4        8:  6.1        9:  0.15      10:  0.63      11:  0.32      20:  0.00034   21:  0.00044 
     6: -0.3        7:  3.9        8:  2.3        9:  0.17      10:  0.44      11:  0.14      20:  7.3e-05   21:  0.41      22:  0.00025 
     6: -0.093      7:  1.1        8:  0.14       9:  0.048     10:  0.095     11:  0.014     20:  1.7e-07   21:  0.094     22:  0.065     23:  0.00021 
     6:  5.5        7: -0.13       8:  5.1        9: -0.3       10: -0.28      11: -0.67      24:  0.00061 
     6:  3          7:  1.1        8:  3.5        9: -0.22      10: -0.063     11: -0.54      24:  0.51      25:  0.00025 
     6:  3.1        7: -5.2        8: -0.97       9:  0.37      10: -0.29      11: -0.11      24:  0.22      25: -2.3e-05   26:  0.00033 
     6:  1.5        7: -1.5        8: -0.82       9:  0.11      10: -0.086     11: -0.03      24:  0.086     25:  1.1e-05   26:  0.19      27:  0.00022 
    28:  0.028   
    29:  0.028   
    30:  0.028   
    31:  1.5e-05 
    32:  9.6e-06 
    33:  1.7e-05 

QHDIAGINV
   0.17    
   0.15    
   0.37    
   0.87    
   0.9     
   0.91    
   1.8     
   1.7     
   2.1     
   4e+02   
   5.1e+02 
   8.8e+02 
   3.3e+03 
   2.3e+03 
   3.9e+03 
   4.9e+03 
   3.3e+03 
   2.3e+03 
   3.9e+03 
   4.9e+03 
   3.3e+03 
   2.3e+03 
   3.9e+03 
   4.9e+03 
   1.6e+03 
   4e+03   
   3e+03   
   4.6e+03 
   36      
   36      
   36      
   6.6e+04 
   1e+05   
   5.8e+04 

B: body-dof matrix
------------------------------------
 xxxxxxxxxxxxxxxxxxxxxxxxxxxxxxxxxx |
 xxxxxx                             |
 xxxxxx                             |
 xxxxxx                             |
 xxxxxx                             |
 xxxxxx                             |
 xxxxxx                             |
 xxxxxx                             |
       xxxxxxxxxxxxxxxxxxxxxx       |
       xxxxxxxxxx                   |
       xxxxxxxxxx                   |
       xxxxxxxxxx                   |
       xxxxxxxxxx                   |
       xxxxxxxxxx                   |
       xxxxxx    xxxx               |
       xxxxxx    xxxx               |
       xxxxxx    xxxx               |
       xxxxxx    xxxx               |
       xxxxxx    xxxx               |
       xxxxxx        xxxx           |
       xxxxxx        xxxx           |
       xxxxxx        xxxx           |
       xxxxxx        xxxx           |
       xxxxxx        xxxx           |
       xxxxxx            xxxx       |
       xxxxxx            xxxx       |
       xxxxxx            xxxx       |
       xxxxxx            xxxx       |
       xxxxxx            xxxx       |
                             xxxxxx |
------------------------------------

B_rownnz              34 6 6 6 6 6 6 6 22 10 10 10 10 10 10 10 10 10 10 10 10 10 10 10 10 10 10 10 10 6

B_rowadr              0 34 40 46 52 58 64 70 76 98 108 118 128 138 148 158 168 178 188 198 208 218 228 238 248 258 268 278 288 298

B_colind              0 1 2 3 4 5 6 7 8 9 10 11 12 13 14 15 16 17 18 19 20 21 22 23 24 25 26 27 28 29 30 31 32 33 0 1 2 3 4 5 0 1 2 3 4 5 0 1 2 3 4 5 0 1 2 3 4 5 0 1 2 3 4 5 0 1 2 3 4 5 0 1 2 3 4 5 6 7 8 9 10 11 12 13 14 15 16 17 18 19 20 21 22 23 24 25 26 27 6 7 8 9 10 11 12 13 14 15 6 7 8 9 10 11 12 13 14 15 6 7 8 9 10 11 12 13 14 15 6 7 8 9 10 11 12 13 14 15 6 7 8 9 10 11 12 13 14 15 6 7 8 9 10 11 16 17 18 19 6 7 8 9 10 11 16 17 18 19 6 7 8 9 10 11 16 17 18 19 6 7 8 9 10 11 16 17 18 19 6 7 8 9 10 11 16 17 18 19 6 7 8 9 10 11 20 21 22 23 6 7 8 9 10 11 20 21 22 23 6 7 8 9 10 11 20 21 22 23 6 7 8 9 10 11 20 21 22 23 6 7 8 9 10 11 20 21 22 23 6 7 8 9 10 11 24 25 26 27 6 7 8 9 10 11 24 25 26 27 6 7 8 9 10 11 24 25 26 27 6 7 8 9 10 11 24 25 26 27 6 7 8 9 10 11 24 25 26 27 28 29 30 31 32 33

M: reduced inertia matrix
------------------------------------
 x                                  |
 xx                                 |
 xxx                                |
 xxxx                               |
 xxxxx                              |
 xxxxxx                             |
       x                            |
       xx                           |
       xxx                          |
       xxxx                         |
       xxxxx                        |
       xxxxxx                       |
       xxxxxxx                      |
       xxxxxxxx                     |
       xxxxxxxxx                    |
       xxxxxxxxxx                   |
       xxxxxx    x                  |
       xxxxxx    xx                 |
       xxxxxx    xxx                |
       xxxxxx    xxxx               |
       xxxxxx        x              |
       xxxxxx        xx             |
       xxxxxx        xxx            |
       xxxxxx        xxxx           |
       xxxxxx            x          |
       xxxxxx            xx         |
       xxxxxx            xxx        |
       xxxxxx            xxxx       |
                             x      |
                              x     |
                               x    |
                                x   |
                                 x  |
                                  x |
------------------------------------

M_rownnz              1 2 3 4 5 6 1 2 3 4 5 6 7 8 9 10 7 8 9 10 7 8 9 10 7 8 9 10 1 1 1 1 1 1

M_rowadr              0 1 3 6 10 15 21 22 24 27 31 36 42 49 57 66 76 83 91 100 110 117 125 134 144 151 159 168 178 179 180 181 182 183

M_colind              0 0 1 0 1 2 0 1 2 3 0 1 2 3 4 0 1 2 3 4 5 6 6 7 6 7 8 6 7 8 9 6 7 8 9 10 6 7 8 9 10 11 6 7 8 9 10 11 12 6 7 8 9 10 11 12 13 6 7 8 9 10 11 12 13 14 6 7 8 9 10 11 12 13 14 15 6 7 8 9 10 11 16 6 7 8 9 10 11 16 17 6 7 8 9 10 11 16 17 18 6 7 8 9 10 11 16 17 18 19 6 7 8 9 10 11 20 6 7 8 9 10 11 20 21 6 7 8 9 10 11 20 21 22 6 7 8 9 10 11 20 21 22 23 6 7 8 9 10 11 24 6 7 8 9 10 11 24 25 6 7 8 9 10 11 24 25 26 6 7 8 9 10 11 24 25 26 27 28 29 30 31 32 33

mapM2M                0 2 1 5 4 3 9 8 7 6 14 13 12 11 10 20 19 18 17 16 15 21 23 22 26 25 24 30 29 28 27 35 34 33 32 31 41 40 39 38 37 36 48 47 46 45 44 43 42 56 55 54 53 52 51 50 49 65 64 63 62 61 60 59 58 57 75 74 73 72 71 70 69 68 67 66 82 81 80 79 78 77 76 90 89 88 87 86 85 84 83 99 98 97 96 95 94 93 92 91 109 108 107 106 105 104 103 102 101 100 116 115 114 113 112 111 110 124 123 122 121 120 119 118 117 133 132 131 130 129 128 127 126 125 143 142 141 140 139 138 137 136 135 134 150 149 148 147 146 145 144 158 157 156 155 154 153 152 151 167 166 165 164 163 162 161 160 159 177 176 175 174 173 172 171 170 169 168 178 179 181 184 188 193

D: dof-dof matrix
------------------------------------
 Dxxxxx                             |
 xDxxxx                             |
 xxDxxx                             |
 xxxDxx                             |
 xxxxDx                             |
 xxxxxD                             |
       Dxxxxxxxxxxxxxxxxxxxxx       |
       xDxxxxxxxxxxxxxxxxxxxx       |
       xxDxxxxxxxxxxxxxxxxxxx       |
       xxxDxxxxxxxxxxxxxxxxxx       |
       xxxxDxxxxxxxxxxxxxxxxx       |
       xxxxxDxxxxxxxxxxxxxxxx       |
       xxxxxxDxxx                   |
       xxxxxxxDxx                   |
       xxxxxxxxDx                   |
       xxxxxxxxxD                   |
       xxxxxx    Dxxx               |
       xxxxxx    xDxx               |
       xxxxxx    xxDx               |
       xxxxxx    xxxD               |
       xxxxxx        Dxxx           |
       xxxxxx        xDxx           |
       xxxxxx        xxDx           |
       xxxxxx        xxxD           |
       xxxxxx            Dxxx       |
       xxxxxx            xDxx       |
       xxxxxx            xxDx       |
       xxxxxx            xxxD       |
                             Dxxxxx |
                             xDxxxx |
                             xxDxxx |
                             xxxDxx |
                             xxxxDx |
                             xxxxxD |
------------------------------------

D_rownnz              6 6 6 6 6 6 22 22 22 22 22 22 10 10 10 10 10 10 10 10 10 10 10 10 10 10 10 10 6 6 6 6 6 6

D_rowadr              0 6 12 18 24 30 36 58 80 102 124 146 168 178 188 198 208 218 228 238 248 258 268 278 288 298 308 318 328 334 340 346 352 358

D_colind              0 1 2 3 4 5 0 1 2 3 4 5 0 1 2 3 4 5 0 1 2 3 4 5 0 1 2 3 4 5 0 1 2 3 4 5 6 7 8 9 10 11 12 13 14 15 16 17 18 19 20 21 22 23 24 25 26 27 6 7 8 9 10 11 12 13 14 15 16 17 18 19 20 21 22 23 24 25 26 27 6 7 8 9 10 11 12 13 14 15 16 17 18 19 20 21 22 23 24 25 26 27 6 7 8 9 10 11 12 13 14 15 16 17 18 19 20 21 22 23 24 25 26 27 6 7 8 9 10 11 12 13 14 15 16 17 18 19 20 21 22 23 24 25 26 27 6 7 8 9 10 11 12 13 14 15 16 17 18 19 20 21 22 23 24 25 26 27 6 7 8 9 10 11 12 13 14 15 6 7 8 9 10 11 12 13 14 15 6 7 8 9 10 11 12 13 14 15 6 7 8 9 10 11 12 13 14 15 6 7 8 9 10 11 16 17 18 19 6 7 8 9 10 11 16 17 18 19 6 7 8 9 10 11 16 17 18 19 6 7 8 9 10 11 16 17 18 19 6 7 8 9 10 11 20 21 22 23 6 7 8 9 10 11 20 21 22 23 6 7 8 9 10 11 20 21 22 23 6 7 8 9 10 11 20 21 22 23 6 7 8 9 10 11 24 25 26 27 6 7 8 9 10 11 24 25 26 27 6 7 8 9 10 11 24 25 26 27 6 7 8 9 10 11 24 25 26 27 28 29 30 31 32 33 28 29 30 31 32 33 28 29 30 31 32 33 28 29 30 31 32 33 28 29 30 31 32 33 28 29 30 31 32 33

mapM2D                0 2 5 9 14 20 2 1 4 8 13 19 5 4 3 7 12 18 9 8 7 6 11 17 14 13 12 11 10 16 20 19 18 17 16 15 21 23 26 30 35 41 48 56 65 75 82 90 99 109 116 124 133 143 150 158 167 177 23 22 25 29 34 40 47 55 64 74 81 89 98 108 115 123 132 142 149 157 166 176 26 25 24 28 33 39 46 54 63 73 80 88 97 107 114 122 131 141 148 156 165 175 30 29 28 27 32 38 45 53 62 72 79 87 96 106 113 121 130 140 147 155 164 174 35 34 33 32 31 37 44 52 61 71 78 86 95 105 112 120 129 139 146 154 163 173 41 40 39 38 37 36 43 51 60 70 77 85 94 104 111 119 128 138 145 153 162 172 48 47 46 45 44 43 42 50 59 69 56 55 54 53 52 51 50 49 58 68 65 64 63 62 61 60 59 58 57 67 75 74 73 72 71 70 69 68 67 66 82 81 80 79 78 77 76 84 93 103 90 89 88 87 86 85 84 83 92 102 99 98 97 96 95 94 93 92 91 101 109 108 107 106 105 104 103 102 101 100 116 115 114 113 112 111 110 118 127 137 124 123 122 121 120 119 118 117 126 136 133 132 131 130 129 128 127 126 125 135 143 142 141 140 139 138 137 136 135 134 150 149 148 147 146 145 144 152 161 171 158 157 156 155 154 153 152 151 160 170 167 166 165 164 163 162 161 160 159 169 177 176 175 174 173 172 171 170 169 168 178 180 183 187 192 198 180 179 182 186 191 197 183 182 181 185 190 196 187 186 185 184 189 195 192 191 190 189 188 194 198 197 196 195 194 193

mapD2M                0 7 6 14 13 12 21 20 19 18 28 27 26 25 24 35 34 33 32 31 30 36 59 58 82 81 80 105 104 103 102 128 127 126 125 124 151 150 149 148 147 146 174 173 172 171 170 169 168 185 184 183 182 181 180 179 178 196 195 194 193 192 191 190 189 188 207 206 205 204 203 202 201 200 199 198 214 213 212 211 210 209 208 225 224 223 222 221 220 219 218 236 235 234 233 232 231 230 229 228 247 246 245 244 243 242 241 240 239 238 254 253 252 251 250 249 248 265 264 263 262 261 260 259 258 276 275 274 273 272 271 270 269 268 287 286 285 284 283 282 281 280 279 278 294 293 292 291 290 289 288 305 304 303 302 301 300 299 298 316 315 314 313 312 311 310 309 308 327 326 325 324 323 322 321 320 319 318 328 335 334 342 341 340 349 348 347 346 356 355 354 353 352 363 362 361 360 359 358

QDERIV
     0: -5.1e+02    1:  0          2:  0          3:  0          4:  0          5:  0       
     0:  0          1: -5.1e+02    2:  0          3:  0          4:  0          5:  0       
     0:  0          1:  0          2: -5e+02      3:  0          4:  0          5:  0       
     0:  0          1:  0          2:  0          3: -5e+02      4:  0          5:  0       
     0:  0          1:  0          2:  0          3:  0          4: -5e+02      5:  0       
     0:  0          1:  0          2:  0          3:  0          4:  0          5: -5e+02   
     6: -0.1        7:  0          8:  0          9:  0         10:  0         11:  0         12:  0         13:  0         14:  0         15:  0         16:  0         17:  0         18:  0         19:  0         20:  0         21:  0         22:  0         23:  0         24:  0         25:  0         26:  0         27:  0       
     6:  0          7: -0.1        8:  0          9:  0         10:  0         11:  0         12:  0         13:  0         14:  0         15:  0         16:  0         17:  0         18:  0         19:  0         20:  0         21:  0         22:  0         23:  0         24:  0         25:  0         26:  0         27:  0       
     6:  0          7:  0          8: -0.1        9:  0         10:  0         11:  0         12:  0         13:  0         14:  0         15:  0         16:  0         17:  0         18:  0         19:  0         20:  0         21:  0         22:  0         23:  0         24:  0         25:  0         26:  0         27:  0       
     6:  0          7:  0          8:  0          9: -0.1       10:  0         11:  0         12:  0         13:  0         14:  0         15:  0         16:  0         17:  0         18:  0         19:  0         20:  0         21:  0         22:  0         23:  0         24:  0         25:  0         26:  0         27:  0       
     6:  0          7:  0          8:  0          9:  0         10: -0.1       11:  0         12:  0         13:  0         14:  0         15:  0         16:  0         17:  0         18:  0         19:  0         20:  0         21:  0         22:  0         23:  0         24:  0         25:  0         26:  0         27:  0       
     6:  0          7:  0          8:  0          9:  0         10:  0         11: -0.1       12:  0         13:  0         14:  0         15:  0         16:  0         17:  0         18:  0         19:  0         20:  0         21:  0         22:  0         23:  0         24:  0         25:  0         26:  0         27:  0       
     6:  0          7:  0          8:  0          9:  0         10:  0         11:  0         12: -0.1       13:  0         14:  0         15:  0       
     6:  0          7:  0          8:  0          9:  0         10:  0         11:  0         12:  0         13: -0.1       14:  0         15:  0       
     6:  0          7:  0          8:  0          9:  0         10:  0         11:  0         12:  0         13:  0         14: -0.1       15:  0       
     6:  0          7:  0          8:  0          9:  0         10:  0         11:  0         12:  0         13:  0         14:  0         15: -0.1     
     6:  0          7:  0          8:  0          9:  0         10:  0         11:  0         16: -0.1       17:  0         18:  0         19:  0       
     6:  0          7:  0          8:  0          9:  0         10:  0         11:  0         16:  0         17: -0.1       18:  0         19:  0       
     6:  0          7:  0          8:  0          9:  0         10:  0         11:  0         16:  0         17:  0         18: -0.1       19:  0       
     6:  0          7:  0          8:  0          9:  0         10:  0         11:  0         16:  0         17:  0         18:  0         19: -0.1     
     6:  0          7:  0          8:  0          9:  0         10:  0         11:  0         20: -0.1       21:  0         22:  0         23:  0       
     6:  0          7:  0          8:  0          9:  0         10:  0         11:  0         20:  0         21: -0.1       22:  0         23:  0       
     6:  0          7:  0          8:  0          9:  0         10:  0         11:  0         20:  0         21:  0         22: -0.1       23:  0       
     6:  0          7:  0          8:  0          9:  0         10:  0         11:  0         20:  0         21:  0         22:  0         23: -0.1     
     6:  0          7:  0          8:  0          9:  0         10:  0         11:  0         24: -0.1       25:  0         26:  0         27:  0       
     6:  0          7:  0          8:  0          9:  0         10:  0         11:  0         24:  0         25: -0.1       26:  0         27:  0       
     6:  0          7:  0          8:  0          9:  0         10:  0         11:  0         24:  0         25:  0         26: -0.1       27:  0       
     6:  0          7:  0          8:  0          9:  0         10:  0         11:  0         24:  0         25:  0         26:  0         27: -0.1     
    28:  0         29:  0         30:  0         31:  0         32:  0         33:  0       
    28:  0         29:  0         30:  0         31:  0         32:  0         33:  0       
    28:  0         29:  0         30:  0         31:  0         32:  0         33:  0       
    28:  0         29:  0         30:  0         31:  0         32:  0         33:  0       
    28:  0         29:  0         30:  0         31:  0         32:  0         33:  0       
    28:  0         29:  0         30:  0         31:  0         32:  0         33:  0       

CONTACT
  0:
     dim           3
     geoms         floor : 6
     exclude       0
     efc_address   6
     solref         0.02      1       
     solimp         0.9       0.95      0.001     0.5       2       
     dist          -0.027   
     includemargin  0       
     pos            0         0        -0.013   
     frame          0         0         1         1         0         0         0         1         0       
     friction       1         1         0.005     0.0001    0.0001  
     mu             0.32    
     force          7.1e+16  -0        -0         0         0         0       
  1:
     dim           3
     geoms         6 : grocery_geom
     exclude       0
     efc_address   9
     solref         0.013     1       
     solimp         0.85      0.88      0.0055    0.5       2       
     dist           0.0017  
     includemargin  0.002   
     pos            0         0         0.29    
     frame          0         0         1         0         1         0        -1         0         0       
     friction       1         1         0.2       0.0001    0.0001  
     mu             0.32    
     force          0.27     -0        -0         0         0         0       

EFC_TYPE
  0
  0
  0
  0
  0
  0
  7
  7
  7
  7
  7
  7

EFC_ID
  0
  0
  0
  0
  0
  0
  0
  0
  0
  1
  1
  1

EFC_J
   0.39     -0.86     -0.39      0.0025   -0.0043    1.1e-16  -1         0         0         0         0         0         0         0         0         0         0         0         0         0         0         0         0         0         0         0         0         0         0         0         0         0         0         0       
  -0.69     -3.4e-19  -1.6e-19   9.9e-22   6.2e-05  -2.7e-20   0        -1         0         0         0         0         0         0         0         0         0         0         0         0         0         0         0         0         0         0         0         0         0         0         0         0         0         0       
   0        -0.69     -0.29      0.12     -0.21      5.6e-17   0         0        -1         0         0         0         0         0         0         0         0         0         0         0         0         0         0         0         0         0         0         0         0         0         0         0         0         0       
   0.5       0.00012   0.00012   0.00012  -1.4e-05  -2.2e-05   0         0         0        -0.5       1e-05    -2.2e-05   0         0         0         0         0         0         0         0         0         0         0         0         0         0         0         0         0         0         0         0         0         0       
   0.01     -4.4e-07  -4.4e-07  -4.4e-07  -0.5      -4.4e-07   0         0         0        -1e-05    -0.5      -4.4e-07   0         0         0         0         0         0         0         0         0         0         0         0         0         0         0         0         0         0         0         0         0         0       
  -0.00012   0.5       0.5       0.5      -4.4e-07   0.5       0         0         0         2.2e-05   4.4e-07  -0.5       0         0         0         0         0         0         0         0         0         0         0         0         0         0         0         0         0         0         0         0         0         0       
   0         0         0         0         0         0         0         0         0         0         0         0         0         0         0         0         0         0         0         0         0         0         0         0         0         0         0         0         0         0         0         0         0         0       
   0         0         0         0         0         0         0         0         0         0         0         0         0         0         0         0         0         0         0         0         0         0         0         0         0         0         0         0         0         0         0         0         0         0       
   0         0         0         0         0         0         0         0         0         0         0         0         0         0         0         0         0         0         0         0         0         0         0         0         0         0         0         0         0         0         0         0         0         0       
   0         0         0         0         0         0         0         0         0         0         0         0         0         0         0         0         0         0         0         0         0         0         0         0         0         0         0         0         0         0         1         0         0         0       
   0         0         0         0         0         0         0         0         0         0         0         0         0         0         0         0         0         0         0         0         0         0         0         0         0         0         0         0         0         1         0         0.021     0         0       
   0         0         0         0         0         0         0         0         0         0         0         0         0         0         0         0         0         0         0         0         0         0         0         0         0         0         0         0        -1         0         0         0         0.021     0       

EFC_POS
  -3.3e-16 
   5.6e-17 
   2.1e-06 
   8.7e-07 
  -4.3e-05 
  -2e-05   
  -0.027   
   0       
   0       
   0.0017  
   0       
   0       

EFC_MARGIN
   0       
   0       
   0       
   0       
   0       
   0       
   0       
   0       
   0       
   0.002   
   0       
   0       

EFC_FRICTIONLOSS
   0       
   0       
   0       
   0       
   0       
   0       
   0       
   0       
   0       
   0       
   0       
   0       

EFC_DIAGAPPROX
   2.1     
   2.1     
   2.1     
   1.7e+03 
   1.7e+03 
   1.7e+03 
   1.9e-14 
   1.9e-15 
   1.9e-15 
   36      
   3.6     
   3.6     

EFC_KBIP
   6.4e+04   5.1e+02   0.99      0       
   6.4e+04   5.1e+02   0.99      0       
   6.4e+04   5.1e+02   0.99      0       
   6.4e+04   5.1e+02   0.99      0       
   6.4e+04   5.1e+02   0.99      0       
   6.4e+04   5.1e+02   0.99      0       
   2.8e+03   1.1e+02   0.95      0       
   0         1.1e+02   0.95      0       
   0         1.1e+02   0.95      0       
   7.7e+03   1.8e+02   0.85     -0.87    
   0         1.8e+02   0.85     -0.87    
   0         1.8e+02   0.85     -0.87    

EFC_D
   47      
   47      
   47      
   0.057   
   0.057   
   0.057   
   1e+15   
   1e+16   
   1e+16   
   0.16    
   1.6     
   1.6     

EFC_R
   0.021   
   0.021   
   0.021   
   18      
   18      
   18      
   1e-15   
   1e-16   
   1e-16   
   6.3     
   0.63    
   0.63    

ACTUATOR_VELOCITY
   1.5e-18 
  -2.3e-14 
   3.2e-15 
   1.1e-13 
  -1.1e-17 
  -4.4e-18 
  -8.4e-16 
  -6.4e-15 
  -1.4e-14 
   9.3e-16 
   4.8e-16 
  -9.5e-15 
  -1.8e-14 
   6.3e-16 
   1.9e-15 
  -1.2e-14 
  -2.1e-14 
   2.4e-16 
  -2.2e-14 
  -2.9e-15 
   9.2e-15 
  -7.3e-16 

CVEL
   0         0         0         0         0         0       
   0         0         0         0         0         0       
   0         0         1.5e-18   1.5e-19  -3.8e-19   0       
  -9e-33     2.3e-14   1.5e-18   5.8e-15  -3.8e-19   5.5e-15 
  -7.8e-33   1.9e-14   1.5e-18   6.5e-15  -3.8e-19   6e-15   
   3.4e-32  -8.6e-14   1.5e-18   7e-14    -3.8e-19   6.6e-14 
  -1.1e-17  -8.6e-14   1.8e-18   7e-14    -7e-18     6.6e-14 
  -1.1e-17  -8.6e-14   1.8e-18   7e-14    -7e-18     6.5e-14 
  -1.9e-14  -1.9e-14  -3.3e-14  -2.3e-14   6.4e-15  -1.2e-14 
  -1.9e-14  -1.9e-14  -3.3e-14  -2.3e-14   6.4e-15  -1.2e-14 
  -1.3e-14  -1.9e-14  -3.3e-14  -2.3e-14   6.4e-15  -1.2e-14 
   1.2e-15  -2e-14    -3.3e-14  -2.3e-14   6.6e-15  -1.1e-14 
   2.7e-16  -2e-14    -3.3e-14  -2.3e-14   6.5e-15  -1.1e-14 
   2.7e-16  -2e-14    -3.3e-14  -2.3e-14   6.5e-15  -1.1e-14 
  -1.9e-14  -2e-14    -3.3e-14  -2.3e-14   6.4e-15  -1.2e-14 
  -9.9e-15  -2e-14    -3.3e-14  -2.3e-14   6.4e-15  -1.2e-14 
   8.4e-15  -2e-14    -3.4e-14  -2.3e-14   6.6e-15  -1e-14   
   7.8e-15  -2e-14    -3.4e-14  -2.3e-14   6.6e-15  -1e-14   
   7.8e-15  -2e-14    -3.4e-14  -2.3e-14   6.6e-15  -1e-14   
  -1.9e-14  -2.1e-14  -3.3e-14  -2.3e-14   6.4e-15  -1.2e-14 
  -7e-15    -2e-14    -3.3e-14  -2.3e-14   6.3e-15  -1.2e-14 
   1.4e-14  -1.8e-14  -3.4e-14  -2.3e-14   6.6e-15  -9.9e-15 
   1.4e-14  -1.9e-14  -3.4e-14  -2.3e-14   6.6e-15  -9.9e-15 
   1.4e-14  -1.9e-14  -3.4e-14  -2.3e-14   6.6e-15  -9.9e-15 
  -2.1e-14  -4.1e-14  -3.3e-14  -2.3e-14   6.5e-15  -1.2e-14 
  -1.9e-14  -4.2e-14  -3.5e-14  -2.3e-14   6.4e-15  -1.2e-14 
  -1.3e-14  -3.9e-14  -2.8e-14  -2.3e-14   6.9e-15  -1.2e-14 
  -1.4e-14  -4e-14    -2.9e-14  -2.3e-14   6.8e-15  -1.2e-14 
  -1.4e-14  -4e-14    -2.9e-14  -2.3e-14   6.8e-15  -1.2e-14 
   0         0         0         0         0         8.2e-15 

CDOF_DOT
   0         0         0         0         0         0       
   1.5e-18   6.1e-37  -0         1.6e-37  -4e-19    -1.5e-19 
   1.5e-18   6.1e-37   0         9e-15     3.2e-19  -1.1e-14 
   1.5e-18   6.1e-37  -5.5e-48   1.7e-14   9.3e-19  -1.8e-14 
   1.7e-15   1.5e-18   8.6e-14  -6.6e-15   6.7e-14   1.3e-16 
   2.7e-17  -3.3e-21   1.1e-17   2.7e-14   2.6e-17  -1.8e-14 
   0         0         0         0         0         0       
   0         0         0         0         0         0       
   0         0         0         0         0         0       
   0         0        -0         6.1e-15   2.3e-14  -1.2e-16 
   0        -0         0         1.2e-16   1.2e-14   6.1e-15 
   0         0         0        -1.2e-14  -4.6e-18   2.3e-14 
  -3.3e-14   2.9e-15   1.8e-14  -1.3e-14   2e-15     2.3e-14 
   2.5e-15   3.3e-14  -2e-14     2e-15     1.2e-14   4.3e-15 
   2.5e-15   3.3e-14  -2e-14     2.3e-15   1.1e-14   4.5e-15 
   2.5e-15   3.3e-14  -2e-14     1.7e-15   1.1e-14   4.4e-15 
  -3.3e-14  -3.8e-18   1.9e-14  -1.2e-14   1.4e-16   2.3e-14 
  -4.1e-16   3.3e-14  -2e-14     9.7e-16   1.2e-14   6.3e-15 
  -4.1e-16   3.3e-14  -2e-14     1.3e-15   1.1e-14   6.4e-15 
  -4.1e-16   3.3e-14  -2e-14     7e-16     1.2e-14   6.2e-15 
  -3.3e-14  -2.9e-15   2.1e-14  -1.1e-14  -1.7e-15   2.2e-14 
  -3.3e-15   3.3e-14  -2e-14     3.7e-18   1.2e-14   8.2e-15 
  -3.3e-15   3.3e-14  -2e-14     3.8e-16   1.2e-14   8.4e-15 
  -3.3e-15   3.3e-14  -2e-14    -2.8e-16   1.2e-14   8e-15   
   3.3e-14  -2.9e-15  -1.8e-14   1.2e-14  -2.2e-15  -2.3e-14 
  -2.4e-14   3.9e-14  -3.3e-14   3.7e-15   2.3e-14   4.6e-15 
  -2.3e-14  -7.8e-15   2.2e-14   1.1e-14   7.4e-15  -8.6e-15 
  -2.3e-14  -7.8e-15   2.2e-14   1.2e-14   8.2e-15  -1e-14   
   0         0         0         0         0         0       
   0         0         0         0         0         0       
   0         0         0         0         0         0       
   0         0         0         0         8.2e-15   0       
   0         0         0        -8.2e-15   0         0       
   0         0         0         0         0         0       

QFRC_BIAS
   1.9e-28 
  -78      
  -22      
   2.5     
  -0.18    
   0       
   1.3e-29 
  -9.9e-30 
   6.3     
   0.0016  
  -0.078   
  -0.036   
   0.00043 
   0.029   
   0.0057  
   0.00027 
   0.00043 
   0.029   
   0.0057  
   0.00027 
   0.00043 
   0.029   
   0.0057  
   0.00028 
   0.034   
   0.0086  
  -0.0035  
  -0.0017  
   0       
   0       
   0.27    
   0       
   0       
   0       

QFRC_SPRING
   0       
   0       
   0       
   0       
   0       
   0       
   0       
   0       
   0       
   0       
   0       
   0       
   0       
   0       
   0       
   0       
   0       
   0       
   0       
   0       
   0       
   0       
   0       
   0       
   0       
   0       
   0       
   0       
   0       
   0       
   0       
   0       
   0       
   0       

QFRC_DAMPER
  -1.5e-17 
   2.3e-13 
  -1.6e-14 
  -2.1e-13 
   2.2e-17 
   8.7e-18 
   2.3e-15 
  -6.1e-16 
   1.2e-15 
   3.3e-15 
  -1.9e-15 
  -1.9e-15 
   8.4e-17 
   6.4e-16 
   1.4e-15 
  -9.3e-17 
  -4.8e-17 
   9.5e-16 
   1.8e-15 
  -6.3e-17 
  -1.9e-16 
   1.2e-15 
   2.1e-15 
  -2.4e-17 
   2.2e-15 
   2.9e-16 
  -9.2e-16 
   7.3e-17 
   0       
   0       
   0       
   0       
   0       
   0       

QFRC_GRAVCOMP
   0       
   0       
   0       
   0       
   0       
   0       
   0       
   0       
   0       
   0       
   0       
   0       
   0       
   0       
   0       
   0       
   0       
   0       
   0       
   0       
   0       
   0       
   0       
   0       
   0       
   0       
   0       
   0       
   0       
   0       
   0       
   0       
   0       
   0       

QFRC_FLUID
   0       
   0       
   0       
   0       
   0       
   0       
   0       
   0       
   0       
   0       
   0       
   0       
   0       
   0       
   0       
   0       
   0       
   0       
   0       
   0       
   0       
   0       
   0       
   0       
   0       
   0       
   0       
   0       
   0       
   0       
   0       
   0       
   0       
   0       

QFRC_PASSIVE
  -1.5e-17 
   2.3e-13 
  -1.6e-14 
  -2.1e-13 
   2.2e-17 
   8.7e-18 
   2.3e-15 
  -6.1e-16 
   1.2e-15 
   3.3e-15 
  -1.9e-15 
  -1.9e-15 
   8.4e-17 
   6.4e-16 
   1.4e-15 
  -9.3e-17 
  -4.8e-17 
   9.5e-16 
   1.8e-15 
  -6.3e-17 
  -1.9e-16 
   1.2e-15 
   2.1e-15 
  -2.4e-17 
   2.2e-15 
   2.9e-16 
  -9.2e-16 
   7.3e-17 
   0       
   0       
   0       
   0       
   0       
   0       

EFC_VEL
   4.2e-14 
  -6.1e-15 
   3.9e-14 
   1.7e-14 
  -9.4e-15 
   3.3e-14 
   0       
   0       
   0       
   8.2e-15 
   0       
   0       

EFC_AREF
   5.3e-14 
  -4.3e-13 
  -0.13    
  -0.055   
   2.7     
   1.3     
   71      
  -0       
  -0       
   1.7     
  -0       
  -0       

SUBTREE_LINVEL
   0         0         0       
   0         0         0       
   0         0         0       
   0         0         0       
   0         0         0       
   0         0         0       
   0         0         0       
   0         0         0       
   0         0         0       
   0         0         0       
   0         0         0       
   0         0         0       
   0         0         0       
   0         0         0       
   0         0         0       
   0         0         0       
   0         0         0       
   0         0         0       
   0         0         0       
   0         0         0       
   0         0         0       
   0         0         0       
   0         0         0       
   0         0         0       
   0         0         0       
   0         0         0       
   0         0         0       
   0         0         0       
   0         0         0       
   0         0         0       

SUBTREE_ANGMOM
   0         0         0       
   0         0         0       
   0         0         0       
   0         0         0       
   0         0         0       
   0         0         0       
   0         0         0       
   0         0         0       
   0         0         0       
   0         0         0       
   0         0         0       
   0         0         0       
   0         0         0       
   0         0         0       
   0         0         0       
   0         0         0       
   0         0         0       
   0         0         0       
   0         0         0       
   0         0         0       
   0         0         0       
   0         0         0       
   0         0         0       
   0         0         0       
   0         0         0       
   0         0         0       
   0         0         0       
   0         0         0       
   0         0         0       
   0         0         0       

ACTUATOR_FORCE
  -2.8e-15 
  -83      
  -24      
   3.3     
  -1.5     
  -0.036   
   0.00043 
   0.029   
   0.0057  
   0.00027 
   0.00043 
   0.029   
   0.0057  
   0.00027 
   0.00043 
   0.029   
   0.0057  
   0.00028 
   0.034   
   0.0086  
  -0.0035  
  -0.0017  

QFRC_ACTUATOR
  -2.8e-15 
  -83      
  -24      
   3.3     
  -1.5     
  -0.036   
   0       
   0       
   0       
   0       
   0       
   0       
   0.00043 
   0.029   
   0.0057  
   0.00027 
   0.00043 
   0.029   
   0.0057  
   0.00027 
   0.00043 
   0.029   
   0.0057  
   0.00028 
   0.034   
   0.0086  
  -0.0035  
  -0.0017  
   0       
   0       
   0       
   0       
   0       
   0       

QFRC_SMOOTH
  -2.8e-15 
  -4.4     
  -1.9     
   0.72    
  -1.3     
  -0.036   
   2.3e-15 
  -6.1e-16 
  -6.3     
  -0.0016  
   0.078   
   0.036   
   7.9e-17 
  -3.1e-16 
   5.4e-16 
   1.7e-16 
  -5.1e-17 
   3.5e-17 
   6.1e-16 
   1.7e-16 
  -1.9e-16 
   4.1e-16 
   6.8e-16 
   1.7e-16 
  -2.1e-17 
   1.7e-16 
  -9.4e-16 
   1.3e-16 
   0       
   0       
  -0.27    
   0       
   0       
   0       

QACC_SMOOTH
  -0.07    
  -0.11    
  -0.67    
   4.5     
  -12      
  -0.37    
  -1.1     
  -3.4     
  -25      
   0.5     
  -3.2e+02 
   1e+02   
  -77      
   1.1e+03 
  -1.1e+03 
   3.3e+02 
  -1.1e+02 
   1e+03   
  -1e+03   
   2.9e+02 
  -1.4e+02 
   8.8e+02 
  -8.2e+02 
   2.3e+02 
   1.3e+02 
   3e+02   
  -4.6e+02 
   3.3e+02 
   0       
   0       
  -9.8     
   0       
   0       
   0       

EFC_B
   1.5     
   3.5     
   29      
  -0.24    
   1.6e+02 
  -50      
  -71      
   0       
   0       
  -12      
   0       
   0       

EFC_FORCE
   3.6e-16 
  -2.8e-13 
  -6.3     
  -0.0031  
   0.16    
   0.073   
   7.1e+16 
  -0       
  -0       
   0.27    
  -0       
  -0       

EFC_STATE
  1
  1
  1
  1
  1
  1
  1
  1
  1
  1
  1
  1

QFRC_CONSTRAINT
   2e-13   
   4.4     
   1.9     
  -0.72    
   1.3     
   0.036   
  -3.6e-16 
   2.8e-13 
   6.3     
   0.0016  
  -0.078   
  -0.036   
   0       
   0       
   0       
   0       
   0       
   0       
   0       
   0       
   0       
   0       
   0       
   0       
   0       
   0       
   0       
   0       
   0       
   0       
   0.27    
   0       
   0       
   0       

QFRC_INVERSE
   0       
   0       
   0       
   0       
   0       
   0       
   0       
   0       
   0       
   0       
   0       
   0       
   0       
   0       
   0       
   0       
   0       
   0       
   0       
   0       
   0       
   0       
   0       
   0       
   0       
   0       
   0       
   0       
   0       
   0       
   0       
   0       
   0       
   0       

CACC
   0         0         0        -0        -0         9.8     
   0         0         0         0         0         9.8     
   0         0         3.9e-14   3.8e-15  -9.6e-15   9.8     
  -3.9e-32   1e-14     3.9e-14   6.4e-15  -9.6e-15   9.8     
  -8.5e-33  -5.4e-14   3.9e-14   2e-14    -9.6e-15   9.8     
   6.6e-31  -1.3e-12   3.9e-14   7.9e-13  -9.6e-15   9.8     
  -1.8e-13  -1.3e-12   4.3e-14   7.9e-13  -1.2e-13   9.8     
  -1.8e-13  -1.3e-12   4.3e-14   8e-13    -1.2e-13   9.8     
  -2.5e-12   2.3e-12  -1.7e-12  -1.1e-14   4.2e-13   9.8     
  -2.3e-12   3.7e-12  -1.7e-12  -1.4e-15   4.2e-13   9.8     
   2e-11     1.8e-12  -2.2e-12  -2.2e-15   2.5e-13   9.8     
  -2.4e-11   5.6e-12  -1.3e-12  -1.2e-13  -2.7e-13   9.8     
   2.5e-12   3.3e-12  -1.8e-12   3.5e-14   8.7e-13   9.8     
   2.5e-12   3.3e-12  -1.8e-12   3.5e-14   8.7e-13   9.8     
  -2.5e-12   4.1e-12  -1.7e-12   2.6e-15   4.2e-13   9.8     
   1.5e-11   4.1e-12  -2.1e-12   1.3e-14   2.9e-13   9.8     
  -2.4e-11   4.1e-12  -1.3e-12  -5e-14    -1.7e-13   9.8     
   2.3e-12   4.1e-12  -1.8e-12   4e-15     9.6e-13   9.8     
   2.3e-12   4.1e-12  -1.8e-12   4e-15     9.6e-13   9.8     
  -2.7e-12   4.7e-12  -1.7e-12   9.1e-15   4.2e-13   9.8     
   9e-12     5.7e-12  -1.9e-12   2.4e-14   3.3e-13   9.8     
  -2.3e-11   2.9e-12  -1.3e-12   4.4e-15  -4.6e-14   9.8     
   2.2e-12   5.1e-12  -1.8e-12  -3.7e-14   1e-12     9.8     
   2.2e-12   5.1e-12  -1.8e-12  -3.7e-14   1e-12     9.8     
  -2.4e-12   3.4e-12  -1.7e-12   1.8e-14   4.2e-13   9.8     
   3.1e-12   3e-12    -6.2e-12  -2.6e-13   2.6e-13   9.8     
  -5.6e-12  -2.5e-13  -1.6e-11  -8.7e-13  -4e-13     9.8     
   2.6e-11   1.2e-11   2.1e-11   1.7e-13   4.3e-12   9.8     
   2.6e-11   1.2e-11   2.1e-11   1.7e-13   4.3e-12   9.8     
   0         0         0         0         0         9.8     

CFRC_INT
  -6.9e+15   1.7e+16  -1.9e-14   7.3e-14  -3.7e-14  -7.1e+16 
  -6.9e+15   1.7e+16  -0.073     7e-14    -3.7e-14  -7.1e+16 
  -6.9e+15   1.7e+16  -0.073     7e-14    -3.7e-14  -7.1e+16 
  -13        31       -0.073     7e-14    -3.7e-14   2.1e+02 
  -3         37       -0.073    -5e-14     6.5e-14   85      
  -5.1       23       -0.073    -3.3e-14   1.6e-13   47      
  -3.7       12       -0.073    -1.4e-14   2.2e-13   28      
  -2.2       3.5      -0.073    -8.7e-16   2.7e-13   8.3     
   0.075     0.19      0.073     2.3e-15  -5.5e-16   2.2e-16 
  -0.046     0.028    -1.6e-15  -3.8e-15   3.2e-14   0.66    
  -0.045     0.025    -1.4e-15  -3.3e-15   2.9e-14   0.59    
  -0.031     0.014    -9.6e-16  -3.5e-16   2.1e-14   0.32    
  -0.014     0.0062   -4.4e-16   7.4e-16   1.2e-14   0.14    
  -0.0068    0.003    -1.8e-16   5.6e-16   5.3e-15   0.067   
  -0.047    -0.0042    6e-17    -3e-15     3.1e-14   0.66    
  -0.046    -0.0038    5.6e-17  -2.5e-15   2.8e-14   0.59    
  -0.031    -0.0022    1.6e-16   3e-17     2.1e-14   0.32    
  -0.015    -0.001     1.7e-16   8.5e-16   1.2e-14   0.14    
  -0.007    -0.00049   1.1e-16   6.6e-16   5.4e-15   0.067   
  -0.046    -0.036     1.6e-15  -1.8e-15   3e-14     0.66    
  -0.044    -0.033     1.5e-15  -1.3e-15   2.8e-14   0.59    
  -0.031    -0.019     1.3e-15   6.1e-16   2.2e-14   0.32    
  -0.014    -0.0082    7.8e-16   1.1e-15   1.2e-14   0.14    
  -0.0068   -0.0039    4e-16     8.5e-16   5.3e-15   0.067   
   0.043     0.045    -3.7e-15   1.1e-14   5.7e-14   0.89    
   0.023     0.039    -3.3e-15   8.7e-15   4e-14     0.52    
   0.019     0.036    -3.1e-15   7.5e-15   3.7e-14   0.45    
   0.0064    0.021    -1.7e-15   6.7e-15   1.8e-14   0.23    
   0.00092   0.0068   -2.8e-16   4.9e-15   2.1e-15   0.067   
   0         0         0         0         0         5.6e-17 

CFRC_EXT
   0         0         0         0         0         0       
   0         0         0         0         0         0       
   6.9e+15  -1.7e+16   0         0         0         7.1e+16 
   0         0         0         0         0         0       
   0         0         0         0         0         0       
   0         0         0         0         0         0       
   0         0         0         0         0         0       
   1.8      -2.7       0.073     3.6e-16  -2.8e-13  -6.3     
  -0.075    -0.19     -0.073    -3.6e-16   2.8e-13   6.3     
   0         0         0         0         0         0       
   0         0         0         0         0         0       
   0         0         0         0         0         0       
   0         0         0         0         0         0       
   0         0         0         0         0         0       
   0         0         0         0         0         0       
   0         0         0         0         0         0       
   0         0         0         0         0         0       
   0         0         0         0         0         0       
   0         0         0         0         0         0       
   0         0         0         0         0         0       
   0         0         0         0         0         0       
   0         0         0         0         0         0       
   0         0         0         0         0         0       
   0         0         0         0         0         0       
   0         0         0         0         0         0       
   0         0         0         0         0         0       
   0         0         0         0         0         0       
   0         0         0         0         0         0       
   0         0         0         0         0         0       
   0         0         0         0         0         0.27    

